9660
32 96 4 100 110000 3.00
33 97 4 100 90000 3.00
34 98 4 100 120000 3.00
35 99 4 100 110000 3.00
36 100 4 100 100000 3.00
37 101 4 100 120000 3.00
38 102 4 100 120000 3.00
39 103 4 100 100000 3.00
40 104 4 100 120000 3.00
41 105 4 100 120000 3.00
42 106 4 100 80000 3.00
43 107 4 100 80000 3.00
44 108 4 100 80000 3.00
45 109 4 100 90000 3.00
46 110 4 100 100000 3.00
47 111 4 100 100000 3.00
48 112 4 100 120000 3.00
49 113 4 100 100000 3.00
50 114 4 100 120000 3.00
51 115 4 100 110000 3.00
52 116 4 100 110000 3.00
53 117 4 100 90000 3.00
54 118 4 100 90000 3.00
55 119 4 100 90000 3.00
56 120 4 100 120000 3.00
57 121 4 100 100000 3.00
58 122 4 100 90000 3.00
59 123 4 100 90000 3.00
60 124 4 100 120000 3.00
61 125 4 100 120000 3.00
62 126 4 100 90000 3.00
63 127 4 100 80000 3.00
64 0 4 100 90000 3.00
65 1 4 100 90000 3.00
66 2 4 100 110000 3.00
67 3 4 100 120000 3.00
68 4 4 100 100000 3.00
69 5 4 100 90000 3.00
70 6 4 100 80000 3.00
71 7 4 100 80000 3.00
72 8 4 100 100000 3.00
73 9 4 100 90000 3.00
74 10 4 100 80000 3.00
75 11 4 100 80000 3.00
76 12 4 100 100000 3.00
77 13 4 100 100000 3.00
78 14 4 100 90000 3.00
79 15 4 100 110000 3.00
80 16 4 100 90000 3.00
81 17 4 100 90000 3.00
82 18 4 100 90000 3.00
83 19 4 100 120000 3.00
84 20 4 100 110000 3.00
85 21 4 100 120000 3.00
86 22 4 100 90000 3.00
87 23 4 100 100000 3.00
88 24 4 100 120000 3.00
89 25 4 100 120000 3.00
90 26 4 100 110000 3.00
91 27 4 100 120000 3.00
92 28 4 100 100000 3.00
93 29 4 100 100000 3.00
94 30 4 100 120000 3.00
95 31 4 100 120000 3.00
0 99 3 101 705 3.02
1 99 3 101 678 3.02
2 99 3 101 5319 3.02
3 99 3 101 88723 3.02
4 99 3 101 1490 3.02
5 99 3 101 28782 3.02
6 99 3 101 25328 3.02
7 99 3 101 3070 3.02
8 99 3 101 2738 3.02
9 99 3 101 25136 3.02
10 99 3 101 681 3.02
11 99 3 101 3911 3.02
12 99 3 101 31547 3.02
13 99 3 101 4475 3.02
14 99 3 101 378 3.02
15 99 3 101 10786 3.02
16 99 3 101 4968 3.02
17 99 3 101 1902 3.02
18 99 3 101 10107 3.02
19 99 3 101 1221 3.02
20 99 3 101 1800 3.02
21 99 3 101 10490 3.02
22 99 3 101 4429 3.02
23 99 3 101 3316 3.02
24 99 3 101 15001 3.02
25 99 3 101 3343 3.02
26 99 3 101 2 3.02
27 99 3 101 805 3.02
28 99 3 101 15 3.02
29 99 3 101 8485 3.02
30 99 3 101 904 3.02
31 99 3 101 3445 3.02
0 125 3 101 477 3.05
1 125 3 101 2535 3.05
2 125 3 101 5700 3.05
3 125 3 101 2193 3.05
4 125 3 101 12243 3.05
5 125 3 101 171432 3.05
6 125 3 101 8044 3.05
7 125 3 101 22886 3.05
8 125 3 101 6915 3.05
9 125 3 101 21939 3.05
10 125 3 101 6332 3.05
11 125 3 101 1191 3.05
12 125 3 101 749 3.05
13 125 3 101 2612 3.05
14 125 3 101 1751 3.05
15 125 3 101 2155 3.05
16 125 3 101 8049 3.05
17 125 3 101 2186 3.05
18 125 3 101 5654 3.05
19 125 3 101 10988 3.05
20 125 3 101 11628 3.05
21 125 3 101 624 3.05
22 125 3 101 12406 3.05
23 125 3 101 4225 3.05
24 125 3 101 75 3.05
25 125 3 101 14725 3.05
26 125 3 101 28876 3.05
27 125 3 101 4041 3.05
28 125 3 101 1422 3.05
29 125 3 101 1529 3.05
30 125 3 101 12459 3.05
31 125 3 101 117 3.05
0 103 3 101 55861 3.12
1 103 3 101 9658 3.12
2 103 3 101 44806 3.12
3 103 3 101 185 3.12
4 103 3 101 8966 3.12
5 103 3 101 185 3.12
6 103 3 101 1984 3.12
7 103 3 101 7175 3.12
8 103 3 101 16254 3.12
9 103 3 101 23864 3.12
10 103 3 101 2704 3.12
11 103 3 101 25781 3.12
12 103 3 101 1135 3.12
13 103 3 101 33187 3.12
14 103 3 101 47088 3.12
15 103 3 101 46295 3.12
16 103 3 101 279 3.12
17 103 3 101 490 3.12
18 103 3 101 8450 3.12
19 103 3 101 15203 3.12
20 103 3 101 183 3.12
21 103 3 101 2844 3.12
22 103 3 101 448 3.12
23 103 3 101 154 3.12
24 103 3 101 2332 3.12
25 103 3 101 559 3.12
26 103 3 101 34985 3.12
27 103 3 101 4003 3.12
28 103 3 101 3667 3.12
29 103 3 101 2075 3.12
30 103 3 101 1707 3.12
31 103 3 101 1404 3.12
32 96 4 100 80000 3.10
33 97 4 100 100000 3.10
34 98 4 100 110000 3.10
35 99 4 100 80000 3.10
36 100 4 100 90000 3.10
37 101 4 100 100000 3.10
38 102 4 100 110000 3.10
39 103 4 100 120000 3.10
40 104 4 100 110000 3.10
41 105 4 100 90000 3.10
42 106 4 100 100000 3.10
43 107 4 100 80000 3.10
44 108 4 100 110000 3.10
45 109 4 100 100000 3.10
46 110 4 100 90000 3.10
47 111 4 100 80000 3.10
48 112 4 100 80000 3.10
49 113 4 100 100000 3.10
50 114 4 100 120000 3.10
51 115 4 100 110000 3.10
52 116 4 100 120000 3.10
53 117 4 100 80000 3.10
54 118 4 100 90000 3.10
55 119 4 100 120000 3.10
56 120 4 100 120000 3.10
57 121 4 100 80000 3.10
58 122 4 100 80000 3.10
59 123 4 100 100000 3.10
60 124 4 100 110000 3.10
61 125 4 100 100000 3.10
62 126 4 100 120000 3.10
63 127 4 100 110000 3.10
64 0 4 100 110000 3.10
65 1 4 100 110000 3.10
66 2 4 100 100000 3.10
67 3 4 100 110000 3.10
68 4 4 100 100000 3.10
69 5 4 100 90000 3.10
70 6 4 100 110000 3.10
71 7 4 100 80000 3.10
72 8 4 100 80000 3.10
73 9 4 100 90000 3.10
74 10 4 100 110000 3.10
75 11 4 100 120000 3.10
76 12 4 100 90000 3.10
77 13 4 100 100000 3.10
78 14 4 100 90000 3.10
79 15 4 100 100000 3.10
80 16 4 100 110000 3.10
81 17 4 100 120000 3.10
82 18 4 100 90000 3.10
83 19 4 100 100000 3.10
84 20 4 100 80000 3.10
85 21 4 100 100000 3.10
86 22 4 100 90000 3.10
87 23 4 100 100000 3.10
88 24 4 100 80000 3.10
89 25 4 100 120000 3.10
90 26 4 100 80000 3.10
91 27 4 100 80000 3.10
92 28 4 100 80000 3.10
93 29 4 100 100000 3.10
94 30 4 100 90000 3.10
95 31 4 100 90000 3.10
0 120 3 101 29915 3.16
1 120 3 101 2690 3.16
2 120 3 101 2065 3.16
3 120 3 101 115118 3.16
4 120 3 101 271 3.16
5 120 3 101 9880 3.16
6 120 3 101 6941 3.16
7 120 3 101 606 3.16
8 120 3 101 6671 3.16
9 120 3 101 22363 3.16
10 120 3 101 3735 3.16
11 120 3 101 370 3.16
12 120 3 101 2262 3.16
13 120 3 101 809 3.16
14 120 3 101 1892 3.16
15 120 3 101 1244 3.16
16 120 3 101 13224 3.16
17 120 3 101 3187 3.16
18 120 3 101 416 3.16
19 120 3 101 11280 3.16
20 120 3 101 811 3.16
21 120 3 101 19278 3.16
22 120 3 101 2680 3.16
23 120 3 101 11457 3.16
24 120 3 101 369 3.16
25 120 3 101 873 3.16
26 120 3 101 16954 3.16
27 120 3 101 1178 3.16
28 120 3 101 10783 3.16
29 120 3 101 1850 3.16
30 120 3 101 5422 3.16
31 120 3 101 2911 3.16
0 102 3 101 18444 3.35
1 102 3 101 216 3.35
2 102 3 101 1766 3.35
3 102 3 101 1989 3.35
4 102 3 101 3975 3.35
5 102 3 101 15931 3.35
6 102 3 101 7125 3.35
7 102 3 101 5590 3.35
8 102 3 101 652 3.35
9 102 3 101 1729 3.35
10 102 3 101 428 3.35
11 102 3 101 10820 3.35
12 102 3 101 8513 3.35
13 102 3 101 4057 3.35
14 102 3 101 58026 3.35
15 102 3 101 4890 3.35
16 102 3 101 819 3.35
17 102 3 101 6594 3.35
18 102 3 101 4616 3.35
19 102 3 101 32624 3.35
20 102 3 101 2350 3.35
21 102 3 101 6628 3.35
22 102 3 101 5871 3.35
23 102 3 101 6092 3.35
24 102 3 101 17486 3.35
25 102 3 101 957 3.35
26 102 3 101 6400 3.35
27 102 3 101 56287 3.35
28 102 3 101 31524 3.35
29 102 3 101 7439 3.35
30 102 3 101 1703 3.35
31 102 3 101 3462 3.35
32 96 4 100 120000 3.20
33 97 4 100 80000 3.20
34 98 4 100 90000 3.20
35 99 4 100 110000 3.20
36 100 4 100 100000 3.20
37 101 4 100 100000 3.20
38 102 4 100 120000 3.20
39 103 4 100 90000 3.20
40 104 4 100 80000 3.20
41 105 4 100 100000 3.20
42 106 4 100 80000 3.20
43 107 4 100 120000 3.20
44 108 4 100 120000 3.20
45 109 4 100 100000 3.20
46 110 4 100 90000 3.20
47 111 4 100 120000 3.20
48 112 4 100 80000 3.20
49 113 4 100 100000 3.20
50 114 4 100 100000 3.20
51 115 4 100 90000 3.20
52 116 4 100 120000 3.20
53 117 4 100 80000 3.20
54 118 4 100 120000 3.20
55 119 4 100 90000 3.20
56 120 4 100 110000 3.20
57 121 4 100 120000 3.20
58 122 4 100 90000 3.20
59 123 4 100 120000 3.20
60 124 4 100 100000 3.20
61 125 4 100 90000 3.20
62 126 4 100 100000 3.20
63 127 4 100 120000 3.20
64 0 4 100 120000 3.20
65 1 4 100 80000 3.20
66 2 4 100 120000 3.20
67 3 4 100 120000 3.20
68 4 4 100 90000 3.20
69 5 4 100 110000 3.20
70 6 4 100 80000 3.20
71 7 4 100 80000 3.20
72 8 4 100 80000 3.20
73 9 4 100 120000 3.20
74 10 4 100 100000 3.20
75 11 4 100 120000 3.20
76 12 4 100 100000 3.20
77 13 4 100 90000 3.20
78 14 4 100 120000 3.20
79 15 4 100 80000 3.20
80 16 4 100 100000 3.20
81 17 4 100 90000 3.20
82 18 4 100 80000 3.20
83 19 4 100 90000 3.20
84 20 4 100 80000 3.20
85 21 4 100 120000 3.20
86 22 4 100 90000 3.20
87 23 4 100 100000 3.20
88 24 4 100 100000 3.20
89 25 4 100 110000 3.20
90 26 4 100 80000 3.20
91 27 4 100 90000 3.20
92 28 4 100 110000 3.20
93 29 4 100 80000 3.20
94 30 4 100 100000 3.20
95 31 4 100 120000 3.20
0 106 3 101 68810 3.40
1 106 3 101 5802 3.40
2 106 3 101 22095 3.40
3 106 3 101 755 3.40
4 106 3 101 5117 3.40
5 106 3 101 21168 3.40
6 106 3 101 7228 3.40
7 106 3 101 585 3.40
8 106 3 101 2981 3.40
9 106 3 101 2235 3.40
10 106 3 101 2010 3.40
11 106 3 101 25469 3.40
12 106 3 101 20644 3.40
13 106 3 101 6519 3.40
14 106 3 101 12055 3.40
15 106 3 101 8749 3.40
16 106 3 101 15606 3.40
17 106 3 101 149 3.40
18 106 3 101 730 3.40
19 106 3 101 2916 3.40
20 106 3 101 1735 3.40
21 106 3 101 135 3.40
22 106 3 101 6715 3.40
23 106 3 101 7393 3.40
24 106 3 101 1213 3.40
25 106 3 101 12463 3.40
26 106 3 101 9684 3.40
27 106 3 101 2991 3.40
28 106 3 101 32060 3.40
29 106 3 101 342 3.40
30 106 3 101 2945 3.40
31 106 3 101 4078 3.40
32 96 4 100 110000 3.30
33 97 4 100 90000 3.30
34 98 4 100 100000 3.30
35 99 4 100 120000 3.30
36 100 4 100 90000 3.30
37 101 4 100 120000 3.30
38 102 4 100 110000 3.30
39 103 4 100 120000 3.30
40 104 4 100 110000 3.30
41 105 4 100 100000 3.30
42 106 4 100 120000 3.30
43 107 4 100 90000 3.30
44 108 4 100 80000 3.30
45 109 4 100 90000 3.30
46 110 4 100 120000 3.30
47 111 4 100 120000 3.30
48 112 4 100 80000 3.30
49 113 4 100 110000 3.30
50 114 4 100 110000 3.30
51 115 4 100 110000 3.30
52 116 4 100 100000 3.30
53 117 4 100 100000 3.30
54 118 4 100 80000 3.30
55 119 4 100 100000 3.30
56 120 4 100 90000 3.30
57 121 4 100 80000 3.30
58 122 4 100 110000 3.30
59 123 4 100 120000 3.30
60 124 4 100 110000 3.30
61 125 4 100 80000 3.30
62 126 4 100 80000 3.30
63 127 4 100 120000 3.30
64 0 4 100 100000 3.30
65 1 4 100 80000 3.30
66 2 4 100 100000 3.30
67 3 4 100 100000 3.30
68 4 4 100 90000 3.30
69 5 4 100 110000 3.30
70 6 4 100 100000 3.30
71 7 4 100 90000 3.30
72 8 4 100 120000 3.30
73 9 4 100 110000 3.30
74 10 4 100 100000 3.30
75 11 4 100 110000 3.30
76 12 4 100 80000 3.30
77 13 4 100 90000 3.30
78 14 4 100 80000 3.30
79 15 4 100 80000 3.30
80 16 4 100 80000 3.30
81 17 4 100 90000 3.30
82 18 4 100 90000 3.30
83 19 4 100 80000 3.30
84 20 4 100 80000 3.30
85 21 4 100 100000 3.30
86 22 4 100 100000 3.30
87 23 4 100 110000 3.30
88 24 4 100 80000 3.30
89 25 4 100 120000 3.30
90 26 4 100 90000 3.30
91 27 4 100 120000 3.30
92 28 4 100 90000 3.30
93 29 4 100 100000 3.30
94 30 4 100 100000 3.30
95 31 4 100 90000 3.30
0 113 3 101 9588 3.43
1 113 3 101 1526 3.43
2 113 3 101 1589 3.43
3 113 3 101 17941 3.43
4 113 3 101 23812 3.43
5 113 3 101 34685 3.43
6 113 3 101 89205 3.43
7 113 3 101 517 3.43
8 113 3 101 9255 3.43
9 113 3 101 1254 3.43
10 113 3 101 1956 3.43
11 113 3 101 7299 3.43
12 113 3 101 5173 3.43
13 113 3 101 9614 3.43
14 113 3 101 5164 3.43
15 113 3 101 5075 3.43
16 113 3 101 418 3.43
17 113 3 101 6293 3.43
18 113 3 101 8594 3.43
19 113 3 101 1022 3.43
20 113 3 101 1872 3.43
21 113 3 101 579 3.43
22 113 3 101 7815 3.43
23 113 3 101 6654 3.43
24 113 3 101 6877 3.43
25 113 3 101 18311 3.43
26 113 3 101 12601 3.43
27 113 3 101 7386 3.43
28 113 3 101 53832 3.43
29 113 3 101 85 3.43
30 113 3 101 10329 3.43
31 113 3 101 879 3.43
32 96 4 100 120000 3.40
33 97 4 100 80000 3.40
34 98 4 100 90000 3.40
35 99 4 100 100000 3.40
36 100 4 100 90000 3.40
37 101 4 100 110000 3.40
38 102 4 100 80000 3.40
39 103 4 100 120000 3.40
40 104 4 100 120000 3.40
41 105 4 100 90000 3.40
42 106 4 100 100000 3.40
43 107 4 100 120000 3.40
44 108 4 100 100000 3.40
45 109 4 100 120000 3.40
46 110 4 100 110000 3.40
47 111 4 100 80000 3.40
48 112 4 100 120000 3.40
49 113 4 100 90000 3.40
50 114 4 100 110000 3.40
51 115 4 100 120000 3.40
52 116 4 100 120000 3.40
53 117 4 100 80000 3.40
54 118 4 100 120000 3.40
55 119 4 100 90000 3.40
56 120 4 100 80000 3.40
57 121 4 100 90000 3.40
58 122 4 100 80000 3.40
59 123 4 100 100000 3.40
60 124 4 100 90000 3.40
61 125 4 100 110000 3.40
62 126 4 100 80000 3.40
63 127 4 100 120000 3.40
64 0 4 100 90000 3.40
65 1 4 100 80000 3.40
66 2 4 100 120000 3.40
67 3 4 100 120000 3.40
68 4 4 100 110000 3.40
69 5 4 100 100000 3.40
70 6 4 100 110000 3.40
71 7 4 100 110000 3.40
72 8 4 100 90000 3.40
73 9 4 100 90000 3.40
74 10 4 100 110000 3.40
75 11 4 100 90000 3.40
76 12 4 100 90000 3.40
77 13 4 100 100000 3.40
78 14 4 100 80000 3.40
79 15 4 100 90000 3.40
80 16 4 100 80000 3.40
81 17 4 100 90000 3.40
82 18 4 100 120000 3.40
83 19 4 100 100000 3.40
84 20 4 100 120000 3.40
85 21 4 100 90000 3.40
86 22 4 100 90000 3.40
87 23 4 100 100000 3.40
88 24 4 100 100000 3.40
89 25 4 100 100000 3.40
90 26 4 100 100000 3.40
91 27 4 100 110000 3.40
92 28 4 100 120000 3.40
93 29 4 100 100000 3.40
94 30 4 100 110000 3.40
95 31 4 100 90000 3.40
0 122 3 101 4045 3.57
1 122 3 101 7219 3.57
2 122 3 101 1006 3.57
3 122 3 101 7774 3.57
4 122 3 101 7181 3.57
5 122 3 101 2013 3.57
6 122 3 101 5191 3.57
7 122 3 101 9251 3.57
8 122 3 101 2352 3.57
9 122 3 101 13686 3.57
10 122 3 101 3787 3.57
11 122 3 101 4897 3.57
12 122 3 101 3156 3.57
13 122 3 101 18273 3.57
14 122 3 101 3934 3.57
15 122 3 101 13717 3.57
16 122 3 101 2216 3.57
17 122 3 101 32327 3.57
18 122 3 101 38122 3.57
19 122 3 101 1447 3.57
20 122 3 101 131350 3.57
21 122 3 101 18311 3.57
22 122 3 101 650 3.57
23 122 3 101 1144 3.57
24 122 3 101 2318 3.57
25 122 3 101 2385 3.57
26 122 3 101 7868 3.57
27 122 3 101 215 3.57
28 122 3 101 3557 3.57
29 122 3 101 608 3.57
30 122 3 101 228 3.57
31 122 3 101 5764 3.57
32 96 4 100 90000 3.50
33 97 4 100 120000 3.50
34 98 4 100 110000 3.50
35 99 4 100 110000 3.50
36 100 4 100 110000 3.50
37 101 4 100 100000 3.50
38 102 4 100 90000 3.50
39 103 4 100 80000 3.50
40 104 4 100 90000 3.50
41 105 4 100 100000 3.50
42 106 4 100 80000 3.50
43 107 4 100 80000 3.50
44 108 4 100 90000 3.50
45 109 4 100 90000 3.50
46 110 4 100 120000 3.50
47 111 4 100 100000 3.50
48 112 4 100 110000 3.50
49 113 4 100 120000 3.50
50 114 4 100 120000 3.50
51 115 4 100 110000 3.50
52 116 4 100 120000 3.50
53 117 4 100 120000 3.50
54 118 4 100 120000 3.50
55 119 4 100 80000 3.50
56 120 4 100 120000 3.50
57 121 4 100 90000 3.50
58 122 4 100 120000 3.50
59 123 4 100 80000 3.50
60 124 4 100 100000 3.50
61 125 4 100 110000 3.50
62 126 4 100 100000 3.50
63 127 4 100 110000 3.50
64 0 4 100 110000 3.50
65 1 4 100 120000 3.50
66 2 4 100 80000 3.50
67 3 4 100 100000 3.50
68 4 4 100 110000 3.50
69 5 4 100 90000 3.50
70 6 4 100 100000 3.50
71 7 4 100 120000 3.50
72 8 4 100 80000 3.50
73 9 4 100 120000 3.50
74 10 4 100 120000 3.50
75 11 4 100 100000 3.50
76 12 4 100 100000 3.50
77 13 4 100 90000 3.50
78 14 4 100 120000 3.50
79 15 4 100 100000 3.50
80 16 4 100 100000 3.50
81 17 4 100 90000 3.50
82 18 4 100 80000 3.50
83 19 4 100 120000 3.50
84 20 4 100 110000 3.50
85 21 4 100 110000 3.50
86 22 4 100 110000 3.50
87 23 4 100 100000 3.50
88 24 4 100 100000 3.50
89 25 4 100 120000 3.50
90 26 4 100 90000 3.50
91 27 4 100 120000 3.50
92 28 4 100 120000 3.50
93 29 4 100 100000 3.50
94 30 4 100 80000 3.50
95 31 4 100 80000 3.50
0 106 3 101 4236 3.71
1 106 3 101 18298 3.71
2 106 3 101 35689 3.71
3 106 3 101 2324 3.71
4 106 3 101 2505 3.71
5 106 3 101 849 3.71
6 106 3 101 142 3.71
7 106 3 101 1839 3.71
8 106 3 101 12619 3.71
9 106 3 101 25111 3.71
10 106 3 101 2115 3.71
11 106 3 101 2822 3.71
12 106 3 101 894327 3.71
13 106 3 101 304 3.71
14 106 3 101 5474 3.71
15 106 3 101 16941 3.71
16 106 3 101 140056 3.71
17 106 3 101 43831 3.71
18 106 3 101 37 3.71
19 106 3 101 3905 3.71
20 106 3 101 1888 3.71
21 106 3 101 3222 3.71
22 106 3 101 2108 3.71
23 106 3 101 3461 3.71
24 106 3 101 20080 3.71
25 106 3 101 511 3.71
26 106 3 101 621 3.71
27 106 3 101 2544 3.71
28 106 3 101 2328 3.71
29 106 3 101 10442 3.71
30 106 3 101 2505 3.71
31 106 3 101 10897 3.71
32 96 4 100 80000 3.60
33 97 4 100 120000 3.60
34 98 4 100 100000 3.60
35 99 4 100 80000 3.60
36 100 4 100 90000 3.60
37 101 4 100 100000 3.60
38 102 4 100 80000 3.60
39 103 4 100 100000 3.60
40 104 4 100 110000 3.60
41 105 4 100 80000 3.60
42 106 4 100 120000 3.60
43 107 4 100 120000 3.60
44 108 4 100 110000 3.60
45 109 4 100 90000 3.60
46 110 4 100 100000 3.60
47 111 4 100 120000 3.60
48 112 4 100 120000 3.60
49 113 4 100 90000 3.60
50 114 4 100 90000 3.60
51 115 4 100 120000 3.60
52 116 4 100 100000 3.60
53 117 4 100 90000 3.60
54 118 4 100 100000 3.60
55 119 4 100 120000 3.60
56 120 4 100 120000 3.60
57 121 4 100 90000 3.60
58 122 4 100 110000 3.60
59 123 4 100 100000 3.60
60 124 4 100 120000 3.60
61 125 4 100 100000 3.60
62 126 4 100 90000 3.60
63 127 4 100 80000 3.60
64 0 4 100 110000 3.60
65 1 4 100 100000 3.60
66 2 4 100 100000 3.60
67 3 4 100 90000 3.60
68 4 4 100 90000 3.60
69 5 4 100 80000 3.60
70 6 4 100 100000 3.60
71 7 4 100 120000 3.60
72 8 4 100 80000 3.60
73 9 4 100 120000 3.60
74 10 4 100 100000 3.60
75 11 4 100 120000 3.60
76 12 4 100 80000 3.60
77 13 4 100 110000 3.60
78 14 4 100 90000 3.60
79 15 4 100 80000 3.60
80 16 4 100 100000 3.60
81 17 4 100 80000 3.60
82 18 4 100 90000 3.60
83 19 4 100 80000 3.60
84 20 4 100 80000 3.60
85 21 4 100 120000 3.60
86 22 4 100 80000 3.60
87 23 4 100 120000 3.60
88 24 4 100 90000 3.60
89 25 4 100 90000 3.60
90 26 4 100 90000 3.60
91 27 4 100 100000 3.60
92 28 4 100 90000 3.60
93 29 4 100 100000 3.60
94 30 4 100 100000 3.60
95 31 4 100 110000 3.60
0 122 3 101 1423 3.66
1 122 3 101 7975 3.66
2 122 3 101 5408 3.66
3 122 3 101 11435 3.66
4 122 3 101 2330 3.66
5 122 3 101 1789 3.66
6 122 3 101 10440 3.66
7 122 3 101 3144 3.66
8 122 3 101 4711 3.66
9 122 3 101 31969 3.66
10 122 3 101 9909 3.66
11 122 3 101 97361 3.66
12 122 3 101 20188 3.66
13 122 3 101 2648 3.66
14 122 3 101 1720 3.66
15 122 3 101 7301 3.66
16 122 3 101 32437 3.66
17 122 3 101 894 3.66
18 122 3 101 252 3.66
19 122 3 101 2533 3.66
20 122 3 101 2931 3.66
21 122 3 101 591 3.66
22 122 3 101 16443 3.66
23 122 3 101 1054 3.66
24 122 3 101 935 3.66
25 122 3 101 181 3.66
26 122 3 101 1539 3.66
27 122 3 101 2520 3.66
28 122 3 101 979 3.66
29 122 3 101 254 3.66
30 122 3 101 16961 3.66
31 122 3 101 53 3.66
0 106 3 101 30623 3.73
1 106 3 101 25249 3.73
2 106 3 101 2374 3.73
3 106 3 101 2453 3.73
4 106 3 101 2181 3.73
5 106 3 101 3661 3.73
6 106 3 101 942 3.73
7 106 3 101 31986 3.73
8 106 3 101 7678 3.73
9 106 3 101 2855 3.73
10 106 3 101 2029 3.73
11 106 3 101 23109 3.73
12 106 3 101 625 3.73
13 106 3 101 7414 3.73
14 106 3 101 1844 3.73
15 106 3 101 2154 3.73
16 106 3 101 66446 3.73
17 106 3 101 3062 3.73
18 106 3 101 2931 3.73
19 106 3 101 2195 3.73
20 106 3 101 898 3.73
21 106 3 101 2803 3.73
22 106 3 101 3789 3.73
23 106 3 101 31265 3.73
24 106 3 101 324 3.73
25 106 3 101 36157 3.73
26 106 3 101 2378 3.73
27 106 3 101 17656 3.73
28 106 3 101 390 3.73
29 106 3 101 3547 3.73
30 106 3 101 3591 3.73
31 106 3 101 6027 3.73
32 96 4 100 120000 3.70
33 97 4 100 80000 3.70
34 98 4 100 120000 3.70
35 99 4 100 90000 3.70
36 100 4 100 80000 3.70
37 101 4 100 90000 3.70
38 102 4 100 110000 3.70
39 103 4 100 110000 3.70
40 104 4 100 120000 3.70
41 105 4 100 100000 3.70
42 106 4 100 110000 3.70
43 107 4 100 90000 3.70
44 108 4 100 80000 3.70
45 109 4 100 100000 3.70
46 110 4 100 120000 3.70
47 111 4 100 80000 3.70
48 112 4 100 120000 3.70
49 113 4 100 120000 3.70
50 114 4 100 100000 3.70
51 115 4 100 120000 3.70
52 116 4 100 100000 3.70
53 117 4 100 100000 3.70
54 118 4 100 110000 3.70
55 119 4 100 100000 3.70
56 120 4 100 90000 3.70
57 121 4 100 120000 3.70
58 122 4 100 90000 3.70
59 123 4 100 100000 3.70
60 124 4 100 110000 3.70
61 125 4 100 80000 3.70
62 126 4 100 90000 3.70
63 127 4 100 110000 3.70
64 0 4 100 110000 3.70
65 1 4 100 120000 3.70
66 2 4 100 90000 3.70
67 3 4 100 100000 3.70
68 4 4 100 80000 3.70
69 5 4 100 120000 3.70
70 6 4 100 80000 3.70
71 7 4 100 120000 3.70
72 8 4 100 110000 3.70
73 9 4 100 120000 3.70
74 10 4 100 100000 3.70
75 11 4 100 90000 3.70
76 12 4 100 80000 3.70
77 13 4 100 120000 3.70
78 14 4 100 100000 3.70
79 15 4 100 120000 3.70
80 16 4 100 120000 3.70
81 17 4 100 90000 3.70
82 18 4 100 80000 3.70
83 19 4 100 110000 3.70
84 20 4 100 80000 3.70
85 21 4 100 90000 3.70
86 22 4 100 120000 3.70
87 23 4 100 80000 3.70
88 24 4 100 90000 3.70
89 25 4 100 80000 3.70
90 26 4 100 90000 3.70
91 27 4 100 80000 3.70
92 28 4 100 100000 3.70
93 29 4 100 100000 3.70
94 30 4 100 110000 3.70
95 31 4 100 120000 3.70
0 126 3 101 4402 4.18
1 126 3 101 5381 4.18
2 126 3 101 917 4.18
3 126 3 101 1908 4.18
4 126 3 101 1630 4.18
5 126 3 101 2547 4.18
6 126 3 101 16959 4.18
7 126 3 101 196 4.18
8 126 3 101 231 4.18
9 126 3 101 9064 4.18
10 126 3 101 2994 4.18
11 126 3 101 4391 4.18
12 126 3 101 34044 4.18
13 126 3 101 14919 4.18
14 126 3 101 1734 4.18
15 126 3 101 10865 4.18
16 126 3 101 15808 4.18
17 126 3 101 689 4.18
18 126 3 101 4244 4.18
19 126 3 101 661 4.18
20 126 3 101 976 4.18
21 126 3 101 4672 4.18
22 126 3 101 1651 4.18
23 126 3 101 18136 4.18
24 126 3 101 2610 4.18
25 126 3 101 8924 4.18
26 126 3 101 1039 4.18
27 126 3 101 7263 4.18
28 126 3 101 12157 4.18
29 126 3 101 2651 4.18
30 126 3 101 26890 4.18
31 126 3 101 1242 4.18
32 96 4 100 100000 3.80
33 97 4 100 80000 3.80
34 98 4 100 90000 3.80
35 99 4 100 90000 3.80
36 100 4 100 90000 3.80
37 101 4 100 120000 3.80
38 102 4 100 110000 3.80
39 103 4 100 80000 3.80
40 104 4 100 110000 3.80
41 105 4 100 90000 3.80
42 106 4 100 90000 3.80
43 107 4 100 90000 3.80
44 108 4 100 120000 3.80
45 109 4 100 100000 3.80
46 110 4 100 80000 3.80
47 111 4 100 100000 3.80
48 112 4 100 120000 3.80
49 113 4 100 120000 3.80
50 114 4 100 110000 3.80
51 115 4 100 90000 3.80
52 116 4 100 100000 3.80
53 117 4 100 120000 3.80
54 118 4 100 80000 3.80
55 119 4 100 90000 3.80
56 120 4 100 90000 3.80
57 121 4 100 120000 3.80
58 122 4 100 120000 3.80
59 123 4 100 80000 3.80
60 124 4 100 110000 3.80
61 125 4 100 100000 3.80
62 126 4 100 100000 3.80
63 127 4 100 110000 3.80
64 0 4 100 100000 3.80
65 1 4 100 110000 3.80
66 2 4 100 120000 3.80
67 3 4 100 110000 3.80
68 4 4 100 120000 3.80
69 5 4 100 100000 3.80
70 6 4 100 120000 3.80
71 7 4 100 110000 3.80
72 8 4 100 80000 3.80
73 9 4 100 110000 3.80
74 10 4 100 110000 3.80
75 11 4 100 110000 3.80
76 12 4 100 100000 3.80
77 13 4 100 120000 3.80
78 14 4 100 90000 3.80
79 15 4 100 90000 3.80
80 16 4 100 110000 3.80
81 17 4 100 90000 3.80
82 18 4 100 120000 3.80
83 19 4 100 120000 3.80
84 20 4 100 80000 3.80
85 21 4 100 120000 3.80
86 22 4 100 80000 3.80
87 23 4 100 90000 3.80
88 24 4 100 120000 3.80
89 25 4 100 80000 3.80
90 26 4 100 80000 3.80
91 27 4 100 120000 3.80
92 28 4 100 100000 3.80
93 29 4 100 120000 3.80
94 30 4 100 120000 3.80
95 31 4 100 110000 3.80
0 122 3 101 850 3.99
1 122 3 101 100 3.99
2 122 3 101 3509 3.99
3 122 3 101 7945 3.99
4 122 3 101 23536 3.99
5 122 3 101 1796 3.99
6 122 3 101 1374 3.99
7 122 3 101 2730 3.99
8 122 3 101 6591 3.99
9 122 3 101 5240 3.99
10 122 3 101 2310 3.99
11 122 3 101 2430 3.99
12 122 3 101 10507 3.99
13 122 3 101 19114 3.99
14 122 3 101 114 3.99
15 122 3 101 25771 3.99
16 122 3 101 5378 3.99
17 122 3 101 73719 3.99
18 122 3 101 2939 3.99
19 122 3 101 1655 3.99
20 122 3 101 110 3.99
21 122 3 101 75 3.99
22 122 3 101 10174 3.99
23 122 3 101 7058 3.99
24 122 3 101 3339 3.99
25 122 3 101 6557 3.99
26 122 3 101 2965 3.99
27 122 3 101 1483 3.99
28 122 3 101 1985 3.99
29 122 3 101 2701 3.99
30 122 3 101 2945 3.99
31 122 3 101 1575 3.99
32 96 4 100 120000 3.90
33 97 4 100 90000 3.90
34 98 4 100 100000 3.90
35 99 4 100 120000 3.90
36 100 4 100 110000 3.90
37 101 4 100 120000 3.90
38 102 4 100 100000 3.90
39 103 4 100 100000 3.90
40 104 4 100 110000 3.90
41 105 4 100 110000 3.90
42 106 4 100 110000 3.90
43 107 4 100 100000 3.90
44 108 4 100 80000 3.90
45 109 4 100 100000 3.90
46 110 4 100 100000 3.90
47 111 4 100 120000 3.90
48 112 4 100 80000 3.90
49 113 4 100 100000 3.90
50 114 4 100 100000 3.90
51 115 4 100 110000 3.90
52 116 4 100 120000 3.90
53 117 4 100 100000 3.90
54 118 4 100 90000 3.90
55 119 4 100 100000 3.90
56 120 4 100 80000 3.90
57 121 4 100 80000 3.90
58 122 4 100 90000 3.90
59 123 4 100 110000 3.90
60 124 4 100 100000 3.90
61 125 4 100 110000 3.90
62 126 4 100 120000 3.90
63 127 4 100 100000 3.90
64 0 4 100 100000 3.90
65 1 4 100 80000 3.90
66 2 4 100 120000 3.90
67 3 4 100 110000 3.90
68 4 4 100 110000 3.90
69 5 4 100 110000 3.90
70 6 4 100 110000 3.90
71 7 4 100 120000 3.90
72 8 4 100 110000 3.90
73 9 4 100 80000 3.90
74 10 4 100 100000 3.90
75 11 4 100 100000 3.90
76 12 4 100 80000 3.90
77 13 4 100 80000 3.90
78 14 4 100 100000 3.90
79 15 4 100 110000 3.90
80 16 4 100 80000 3.90
81 17 4 100 110000 3.90
82 18 4 100 80000 3.90
83 19 4 100 80000 3.90
84 20 4 100 120000 3.90
85 21 4 100 90000 3.90
86 22 4 100 120000 3.90
87 23 4 100 120000 3.90
88 24 4 100 100000 3.90
89 25 4 100 100000 3.90
90 26 4 100 90000 3.90
91 27 4 100 110000 3.90
92 28 4 100 80000 3.90
93 29 4 100 90000 3.90
94 30 4 100 80000 3.90
95 31 4 100 100000 3.90
0 105 3 101 2894 4.01
1 105 3 101 1539 4.01
2 105 3 101 32 4.01
3 105 3 101 630 4.01
4 105 3 101 337 4.01
5 105 3 101 6117 4.01
6 105 3 101 20130 4.01
7 105 3 101 17629 4.01
8 105 3 101 8112 4.01
9 105 3 101 160 4.01
10 105 3 101 20661 4.01
11 105 3 101 676 4.01
12 105 3 101 5536 4.01
13 105 3 101 531 4.01
14 105 3 101 28332 4.01
15 105 3 101 32862 4.01
16 105 3 101 162 4.01
17 105 3 101 103 4.01
18 105 3 101 22257 4.01
19 105 3 101 378 4.01
20 105 3 101 13787 4.01
21 105 3 101 242 4.01
22 105 3 101 1546 4.01
23 105 3 101 3791 4.01
24 105 3 101 14720 4.01
25 105 3 101 15601 4.01
26 105 3 101 1422 4.01
27 105 3 101 1085 4.01
28 105 3 101 305 4.01
29 105 3 101 2326 4.01
30 105 3 101 9025 4.01
31 105 3 101 2231 4.01
32 96 4 100 120000 4.00
33 97 4 100 100000 4.00
34 98 4 100 80000 4.00
35 99 4 100 100000 4.00
36 100 4 100 90000 4.00
37 101 4 100 90000 4.00
38 102 4 100 120000 4.00
39 103 4 100 110000 4.00
40 104 4 100 110000 4.00
41 105 4 100 90000 4.00
42 106 4 100 100000 4.00
43 107 4 100 100000 4.00
44 108 4 100 110000 4.00
45 109 4 100 120000 4.00
46 110 4 100 90000 4.00
47 111 4 100 120000 4.00
48 112 4 100 90000 4.00
49 113 4 100 110000 4.00
50 114 4 100 100000 4.00
51 115 4 100 120000 4.00
52 116 4 100 100000 4.00
53 117 4 100 90000 4.00
54 118 4 100 100000 4.00
55 119 4 100 100000 4.00
56 120 4 100 90000 4.00
57 121 4 100 80000 4.00
58 122 4 100 120000 4.00
59 123 4 100 120000 4.00
60 124 4 100 90000 4.00
61 125 4 100 80000 4.00
62 126 4 100 90000 4.00
63 127 4 100 90000 4.00
64 0 4 100 100000 4.00
65 1 4 100 100000 4.00
66 2 4 100 120000 4.00
67 3 4 100 120000 4.00
68 4 4 100 100000 4.00
69 5 4 100 120000 4.00
70 6 4 100 110000 4.00
71 7 4 100 120000 4.00
72 8 4 100 90000 4.00
73 9 4 100 80000 4.00
74 10 4 100 120000 4.00
75 11 4 100 120000 4.00
76 12 4 100 100000 4.00
77 13 4 100 80000 4.00
78 14 4 100 100000 4.00
79 15 4 100 100000 4.00
80 16 4 100 80000 4.00
81 17 4 100 110000 4.00
82 18 4 100 90000 4.00
83 19 4 100 80000 4.00
84 20 4 100 80000 4.00
85 21 4 100 120000 4.00
86 22 4 100 100000 4.00
87 23 4 100 90000 4.00
88 24 4 100 100000 4.00
89 25 4 100 100000 4.00
90 26 4 100 90000 4.00
91 27 4 100 100000 4.00
92 28 4 100 100000 4.00
93 29 4 100 110000 4.00
94 30 4 100 80000 4.00
95 31 4 100 80000 4.00
0 106 3 101 4210 4.02
1 106 3 101 15713 4.02
2 106 3 101 3907 4.02
3 106 3 101 3160 4.02
4 106 3 101 26918 4.02
5 106 3 101 1987 4.02
6 106 3 101 23003 4.02
7 106 3 101 10558 4.02
8 106 3 101 2857 4.02
9 106 3 101 5443 4.02
10 106 3 101 3361 4.02
11 106 3 101 2237 4.02
12 106 3 101 9220 4.02
13 106 3 101 22239 4.02
14 106 3 101 6569 4.02
15 106 3 101 2577 4.02
16 106 3 101 4257 4.02
17 106 3 101 13342 4.02
18 106 3 101 3537 4.02
19 106 3 101 5469 4.02
20 106 3 101 4177 4.02
21 106 3 101 8129 4.02
22 106 3 101 1036 4.02
23 106 3 101 3457 4.02
24 106 3 101 4519 4.02
25 106 3 101 16357 4.02
26 106 3 101 4721 4.02
27 106 3 101 14483 4.02
28 106 3 101 5136 4.02
29 106 3 101 3943 4.02
30 106 3 101 5142 4.02
31 106 3 101 3920 4.02
0 120 3 101 10747 4.10
1 120 3 101 26998 4.10
2 120 3 101 7128 4.10
3 120 3 101 1406 4.10
4 120 3 101 743 4.10
5 120 3 101 1003 4.10
6 120 3 101 13093 4.10
7 120 3 101 456 4.10
8 120 3 101 6673 4.10
9 120 3 101 650 4.10
10 120 3 101 28017 4.10
11 120 3 101 6999 4.10
12 120 3 101 1481 4.10
13 120 3 101 2112 4.10
14 120 3 101 496 4.10
15 120 3 101 622 4.10
16 120 3 101 12276 4.10
17 120 3 101 4622 4.10
18 120 3 101 607 4.10
19 120 3 101 203 4.10
20 120 3 101 4567 4.10
21 120 3 101 5710 4.10
22 120 3 101 58559 4.10
23 120 3 101 10169 4.10
24 120 3 101 15498 4.10
25 120 3 101 778 4.10
26 120 3 101 10706 4.10
27 120 3 101 5480 4.10
28 120 3 101 2943 4.10
29 120 3 101 27544 4.10
30 120 3 101 13213 4.10
31 120 3 101 4091 4.10
0 126 3 101 5074 4.14
1 126 3 101 446 4.14
2 126 3 101 69568 4.14
3 126 3 101 60952 4.14
4 126 3 101 4308 4.14
5 126 3 101 7792 4.14
6 126 3 101 110 4.14
7 126 3 101 2845 4.14
8 126 3 101 5088 4.14
9 126 3 101 3038 4.14
10 126 3 101 1135 4.14
11 126 3 101 10524 4.14
12 126 3 101 631 4.14
13 126 3 101 1728 4.14
14 126 3 101 5271 4.14
15 126 3 101 6597 4.14
16 126 3 101 53242 4.14
17 126 3 101 4255 4.14
18 126 3 101 2981 4.14
19 126 3 101 1061 4.14
20 126 3 101 1664 4.14
21 126 3 101 3907 4.14
22 126 3 101 9809 4.14
23 126 3 101 3664 4.14
24 126 3 101 1029 4.14
25 126 3 101 689 4.14
26 126 3 101 4668 4.14
27 126 3 101 5504 4.14
28 126 3 101 15361 4.14
29 126 3 101 8764 4.14
30 126 3 101 4694 4.14
31 126 3 101 22387 4.14
32 96 4 100 100000 4.10
33 97 4 100 90000 4.10
34 98 4 100 110000 4.10
35 99 4 100 90000 4.10
36 100 4 100 80000 4.10
37 101 4 100 80000 4.10
38 102 4 100 120000 4.10
39 103 4 100 120000 4.10
40 104 4 100 120000 4.10
41 105 4 100 110000 4.10
42 106 4 100 80000 4.10
43 107 4 100 120000 4.10
44 108 4 100 80000 4.10
45 109 4 100 90000 4.10
46 110 4 100 100000 4.10
47 111 4 100 90000 4.10
48 112 4 100 80000 4.10
49 113 4 100 120000 4.10
50 114 4 100 120000 4.10
51 115 4 100 80000 4.10
52 116 4 100 80000 4.10
53 117 4 100 80000 4.10
54 118 4 100 90000 4.10
55 119 4 100 90000 4.10
56 120 4 100 80000 4.10
57 121 4 100 80000 4.10
58 122 4 100 80000 4.10
59 123 4 100 120000 4.10
60 124 4 100 110000 4.10
61 125 4 100 110000 4.10
62 126 4 100 120000 4.10
63 127 4 100 110000 4.10
64 0 4 100 120000 4.10
65 1 4 100 100000 4.10
66 2 4 100 110000 4.10
67 3 4 100 100000 4.10
68 4 4 100 90000 4.10
69 5 4 100 100000 4.10
70 6 4 100 90000 4.10
71 7 4 100 120000 4.10
72 8 4 100 90000 4.10
73 9 4 100 100000 4.10
74 10 4 100 120000 4.10
75 11 4 100 110000 4.10
76 12 4 100 110000 4.10
77 13 4 100 90000 4.10
78 14 4 100 120000 4.10
79 15 4 100 90000 4.10
80 16 4 100 90000 4.10
81 17 4 100 120000 4.10
82 18 4 100 120000 4.10
83 19 4 100 80000 4.10
84 20 4 100 80000 4.10
85 21 4 100 100000 4.10
86 22 4 100 90000 4.10
87 23 4 100 90000 4.10
88 24 4 100 90000 4.10
89 25 4 100 110000 4.10
90 26 4 100 90000 4.10
91 27 4 100 120000 4.10
92 28 4 100 80000 4.10
93 29 4 100 120000 4.10
94 30 4 100 120000 4.10
95 31 4 100 110000 4.10
0 101 3 101 1552 4.11
1 101 3 101 18005 4.11
2 101 3 101 7445 4.11
3 101 3 101 2266 4.11
4 101 3 101 4549 4.11
5 101 3 101 10641 4.11
6 101 3 101 911 4.11
7 101 3 101 81 4.11
8 101 3 101 4528 4.11
9 101 3 101 26428 4.11
10 101 3 101 2232 4.11
11 101 3 101 1251 4.11
12 101 3 101 2869 4.11
13 101 3 101 20152 4.11
14 101 3 101 4040 4.11
15 101 3 101 6361 4.11
16 101 3 101 57696 4.11
17 101 3 101 1357 4.11
18 101 3 101 2237 4.11
19 101 3 101 2458 4.11
20 101 3 101 7165 4.11
21 101 3 101 3745 4.11
22 101 3 101 342 4.11
23 101 3 101 13975 4.11
24 101 3 101 59376 4.11
25 101 3 101 64154 4.11
26 101 3 101 2528 4.11
27 101 3 101 41736 4.11
28 101 3 101 5838 4.11
29 101 3 101 4941 4.11
30 101 3 101 1467 4.11
31 101 3 101 6138 4.11
0 102 3 101 10137 4.13
1 102 3 101 1881 4.13
2 102 3 101 4372 4.13
3 102 3 101 4521 4.13
4 102 3 101 341 4.13
5 102 3 101 13319 4.13
6 102 3 101 362 4.13
7 102 3 101 2196 4.13
8 102 3 101 5496 4.13
9 102 3 101 1356 4.13
10 102 3 101 1280 4.13
11 102 3 101 6806 4.13
12 102 3 101 32950 4.13
13 102 3 101 75886 4.13
14 102 3 101 655 4.13
15 102 3 101 1231 4.13
16 102 3 101 745 4.13
17 102 3 101 21229 4.13
18 102 3 101 69 4.13
19 102 3 101 3717 4.13
20 102 3 101 3753 4.13
21 102 3 101 92 4.13
22 102 3 101 15129 4.13
23 102 3 101 7386 4.13
24 102 3 101 12153 4.13
25 102 3 101 475 4.13
26 102 3 101 7248 4.13
27 102 3 101 150 4.13
28 102 3 101 3329 4.13
29 102 3 101 6506 4.13
30 102 3 101 10094 4.13
31 102 3 101 20725 4.13
0 122 3 101 6789 4.26
1 122 3 101 1690 4.26
2 122 3 101 8989 4.26
3 122 3 101 3152 4.26
4 122 3 101 1206 4.26
5 122 3 101 2643 4.26
6 122 3 101 5946 4.26
7 122 3 101 771 4.26
8 122 3 101 1708 4.26
9 122 3 101 166 4.26
10 122 3 101 767 4.26
11 122 3 101 23958 4.26
12 122 3 101 5508 4.26
13 122 3 101 11030 4.26
14 122 3 101 1305 4.26
15 122 3 101 4057 4.26
16 122 3 101 1070 4.26
17 122 3 101 6601 4.26
18 122 3 101 3144 4.26
19 122 3 101 94 4.26
20 122 3 101 43 4.26
21 122 3 101 143 4.26
22 122 3 101 519 4.26
23 122 3 101 4758 4.26
24 122 3 101 184 4.26
25 122 3 101 25427 4.26
26 122 3 101 92759 4.26
27 122 3 101 505 4.26
28 122 3 101 26104 4.26
29 122 3 101 39715 4.26
30 122 3 101 25742 4.26
31 122 3 101 1219 4.26
32 96 4 100 120000 4.20
33 97 4 100 90000 4.20
34 98 4 100 100000 4.20
35 99 4 100 80000 4.20
36 100 4 100 100000 4.20
37 101 4 100 90000 4.20
38 102 4 100 110000 4.20
39 103 4 100 100000 4.20
40 104 4 100 90000 4.20
41 105 4 100 100000 4.20
42 106 4 100 120000 4.20
43 107 4 100 120000 4.20
44 108 4 100 110000 4.20
45 109 4 100 90000 4.20
46 110 4 100 110000 4.20
47 111 4 100 80000 4.20
48 112 4 100 110000 4.20
49 113 4 100 110000 4.20
50 114 4 100 90000 4.20
51 115 4 100 90000 4.20
52 116 4 100 120000 4.20
53 117 4 100 100000 4.20
54 118 4 100 100000 4.20
55 119 4 100 110000 4.20
56 120 4 100 100000 4.20
57 121 4 100 120000 4.20
58 122 4 100 90000 4.20
59 123 4 100 80000 4.20
60 124 4 100 110000 4.20
61 125 4 100 80000 4.20
62 126 4 100 100000 4.20
63 127 4 100 90000 4.20
64 0 4 100 110000 4.20
65 1 4 100 120000 4.20
66 2 4 100 120000 4.20
67 3 4 100 100000 4.20
68 4 4 100 90000 4.20
69 5 4 100 100000 4.20
70 6 4 100 100000 4.20
71 7 4 100 110000 4.20
72 8 4 100 80000 4.20
73 9 4 100 90000 4.20
74 10 4 100 100000 4.20
75 11 4 100 80000 4.20
76 12 4 100 120000 4.20
77 13 4 100 100000 4.20
78 14 4 100 100000 4.20
79 15 4 100 90000 4.20
80 16 4 100 90000 4.20
81 17 4 100 80000 4.20
82 18 4 100 80000 4.20
83 19 4 100 80000 4.20
84 20 4 100 120000 4.20
85 21 4 100 80000 4.20
86 22 4 100 120000 4.20
87 23 4 100 90000 4.20
88 24 4 100 110000 4.20
89 25 4 100 80000 4.20
90 26 4 100 100000 4.20
91 27 4 100 80000 4.20
92 28 4 100 90000 4.20
93 29 4 100 110000 4.20
94 30 4 100 100000 4.20
95 31 4 100 110000 4.20
0 99 3 101 4017 4.24
1 99 3 101 4781 4.24
2 99 3 101 3768 4.24
3 99 3 101 6315 4.24
4 99 3 101 1534 4.24
5 99 3 101 1547 4.24
6 99 3 101 17958 4.24
7 99 3 101 1829 4.24
8 99 3 101 37218 4.24
9 99 3 101 8368 4.24
10 99 3 101 3848 4.24
11 99 3 101 2054 4.24
12 99 3 101 3541 4.24
13 99 3 101 148 4.24
14 99 3 101 592 4.24
15 99 3 101 502 4.24
16 99 3 101 5209 4.24
17 99 3 101 7065 4.24
18 99 3 101 2395 4.24
19 99 3 101 49431 4.24
20 99 3 101 1414 4.24
21 99 3 101 264 4.24
22 99 3 101 3690 4.24
23 99 3 101 35767 4.24
24 99 3 101 5066 4.24
25 99 3 101 17255 4.24
26 99 3 101 3809 4.24
27 99 3 101 2231 4.24
28 99 3 101 25428 4.24
29 99 3 101 3852 4.24
30 99 3 101 1982 4.24
31 99 3 101 75 4.24
0 120 3 101 571 4.34
1 120 3 101 636 4.34
2 120 3 101 1519 4.34
3 120 3 101 406 4.34
4 120 3 101 7748 4.34
5 120 3 101 4459 4.34
6 120 3 101 8267 4.34
7 120 3 101 478 4.34
8 120 3 101 42675 4.34
9 120 3 101 3056 4.34
10 120 3 101 15284 4.34
11 120 3 101 61632 4.34
12 120 3 101 51645 4.34
13 120 3 101 3597 4.34
14 120 3 101 244 4.34
15 120 3 101 702 4.34
16 120 3 101 551 4.34
17 120 3 101 12917 4.34
18 120 3 101 4321 4.34
19 120 3 101 4440 4.34
20 120 3 101 21302 4.34
21 120 3 101 10400 4.34
22 120 3 101 27 4.34
23 120 3 101 37 4.34
24 120 3 101 2580 4.34
25 120 3 101 7449 4.34
26 120 3 101 6836 4.34
27 120 3 101 114 4.34
28 120 3 101 1732 4.34
29 120 3 101 23656 4.34
30 120 3 101 19579 4.34
31 120 3 101 6379 4.34
32 96 4 100 110000 4.30
33 97 4 100 100000 4.30
34 98 4 100 120000 4.30
35 99 4 100 90000 4.30
36 100 4 100 120000 4.30
37 101 4 100 80000 4.30
38 102 4 100 80000 4.30
39 103 4 100 120000 4.30
40 104 4 100 100000 4.30
41 105 4 100 110000 4.30
42 106 4 100 110000 4.30
43 107 4 100 90000 4.30
44 108 4 100 110000 4.30
45 109 4 100 90000 4.30
46 110 4 100 120000 4.30
47 111 4 100 80000 4.30
48 112 4 100 110000 4.30
49 113 4 100 120000 4.30
50 114 4 100 90000 4.30
51 115 4 100 110000 4.30
52 116 4 100 80000 4.30
53 117 4 100 80000 4.30
54 118 4 100 80000 4.30
55 119 4 100 120000 4.30
56 120 4 100 100000 4.30
57 121 4 100 110000 4.30
58 122 4 100 100000 4.30
59 123 4 100 120000 4.30
60 124 4 100 110000 4.30
61 125 4 100 100000 4.30
62 126 4 100 100000 4.30
63 127 4 100 90000 4.30
64 0 4 100 100000 4.30
65 1 4 100 120000 4.30
66 2 4 100 120000 4.30
67 3 4 100 90000 4.30
68 4 4 100 120000 4.30
69 5 4 100 110000 4.30
70 6 4 100 120000 4.30
71 7 4 100 110000 4.30
72 8 4 100 90000 4.30
73 9 4 100 120000 4.30
74 10 4 100 110000 4.30
75 11 4 100 120000 4.30
76 12 4 100 80000 4.30
77 13 4 100 110000 4.30
78 14 4 100 80000 4.30
79 15 4 100 100000 4.30
80 16 4 100 100000 4.30
81 17 4 100 90000 4.30
82 18 4 100 120000 4.30
83 19 4 100 90000 4.30
84 20 4 100 90000 4.30
85 21 4 100 100000 4.30
86 22 4 100 100000 4.30
87 23 4 100 100000 4.30
88 24 4 100 90000 4.30
89 25 4 100 100000 4.30
90 26 4 100 90000 4.30
91 27 4 100 80000 4.30
92 28 4 100 120000 4.30
93 29 4 100 100000 4.30
94 30 4 100 120000 4.30
95 31 4 100 90000 4.30
0 112 3 101 6231 4.36
1 112 3 101 126764 4.36
2 112 3 101 1323 4.36
3 112 3 101 1399 4.36
4 112 3 101 1707 4.36
5 112 3 101 255034 4.36
6 112 3 101 1697 4.36
7 112 3 101 6192 4.36
8 112 3 101 718 4.36
9 112 3 101 3043 4.36
10 112 3 101 9222 4.36
11 112 3 101 29540 4.36
12 112 3 101 11169 4.36
13 112 3 101 11980 4.36
14 112 3 101 2329 4.36
15 112 3 101 708 4.36
16 112 3 101 41043 4.36
17 112 3 101 4429 4.36
18 112 3 101 22879 4.36
19 112 3 101 9677 4.36
20 112 3 101 5492 4.36
21 112 3 101 2052 4.36
22 112 3 101 9862 4.36
23 112 3 101 1333 4.36
24 112 3 101 3636 4.36
25 112 3 101 2755 4.36
26 112 3 101 4340 4.36
27 112 3 101 4787 4.36
28 112 3 101 620 4.36
29 112 3 101 7 4.36
30 112 3 101 2421 4.36
31 112 3 101 1940 4.36
0 101 3 101 6219 4.40
1 101 3 101 5572 4.40
2 101 3 101 1479 4.40
3 101 3 101 3008 4.40
4 101 3 101 3084 4.40
5 101 3 101 1480 4.40
6 101 3 101 1113 4.40
7 101 3 101 6340 4.40
8 101 3 101 697 4.40
9 101 3 101 10413 4.40
10 101 3 101 2530 4.40
11 101 3 101 4407 4.40
12 101 3 101 9969 4.40
13 101 3 101 8769 4.40
14 101 3 101 8829 4.40
15 101 3 101 326 4.40
16 101 3 101 217 4.40
17 101 3 101 2956 4.40
18 101 3 101 141552 4.40
19 101 3 101 13026 4.40
20 101 3 101 3062 4.40
21 101 3 101 3875 4.40
22 101 3 101 1205 4.40
23 101 3 101 2760 4.40
24 101 3 101 15960 4.40
25 101 3 101 1891 4.40
26 101 3 101 3510 4.40
27 101 3 101 59141 4.40
28 101 3 101 149 4.40
29 101 3 101 36311 4.40
30 101 3 101 23696 4.40
31 101 3 101 9520 4.40
0 122 3 101 6656 4.50
1 122 3 101 11962 4.50
2 122 3 101 12094 4.50
3 122 3 101 2606 4.50
4 122 3 101 921 4.50
5 122 3 101 23248 4.50
6 122 3 101 5052 4.50
7 122 3 101 8684 4.50
8 122 3 101 3533 4.50
9 122 3 101 59944 4.50
10 122 3 101 7193 4.50
11 122 3 101 4446 4.50
12 122 3 101 1897 4.50
13 122 3 101 12384 4.50
14 122 3 101 1194 4.50
15 122 3 101 2021 4.50
16 122 3 101 3993 4.50
17 122 3 101 79623 4.50
18 122 3 101 6484 4.50
19 122 3 101 62907 4.50
20 122 3 101 8815 4.50
21 122 3 101 578 4.50
22 122 3 101 3892 4.50
23 122 3 101 5851 4.50
24 122 3 101 952 4.50
25 122 3 101 15182 4.50
26 122 3 101 3915 4.50
27 122 3 101 1516 4.50
28 122 3 101 10863 4.50
29 122 3 101 5973 4.50
30 122 3 101 33217 4.50
31 122 3 101 2482 4.50
32 96 4 100 110000 4.40
33 97 4 100 110000 4.40
34 98 4 100 100000 4.40
35 99 4 100 110000 4.40
36 100 4 100 100000 4.40
37 101 4 100 100000 4.40
38 102 4 100 120000 4.40
39 103 4 100 110000 4.40
40 104 4 100 120000 4.40
41 105 4 100 90000 4.40
42 106 4 100 110000 4.40
43 107 4 100 90000 4.40
44 108 4 100 120000 4.40
45 109 4 100 80000 4.40
46 110 4 100 90000 4.40
47 111 4 100 80000 4.40
48 112 4 100 120000 4.40
49 113 4 100 80000 4.40
50 114 4 100 90000 4.40
51 115 4 100 110000 4.40
52 116 4 100 90000 4.40
53 117 4 100 120000 4.40
54 118 4 100 110000 4.40
55 119 4 100 80000 4.40
56 120 4 100 90000 4.40
57 121 4 100 120000 4.40
58 122 4 100 100000 4.40
59 123 4 100 100000 4.40
60 124 4 100 110000 4.40
61 125 4 100 120000 4.40
62 126 4 100 110000 4.40
63 127 4 100 80000 4.40
64 0 4 100 90000 4.40
65 1 4 100 110000 4.40
66 2 4 100 120000 4.40
67 3 4 100 80000 4.40
68 4 4 100 120000 4.40
69 5 4 100 110000 4.40
70 6 4 100 90000 4.40
71 7 4 100 120000 4.40
72 8 4 100 100000 4.40
73 9 4 100 80000 4.40
74 10 4 100 110000 4.40
75 11 4 100 100000 4.40
76 12 4 100 90000 4.40
77 13 4 100 90000 4.40
78 14 4 100 110000 4.40
79 15 4 100 80000 4.40
80 16 4 100 100000 4.40
81 17 4 100 100000 4.40
82 18 4 100 90000 4.40
83 19 4 100 120000 4.40
84 20 4 100 90000 4.40
85 21 4 100 120000 4.40
86 22 4 100 110000 4.40
87 23 4 100 120000 4.40
88 24 4 100 90000 4.40
89 25 4 100 120000 4.40
90 26 4 100 90000 4.40
91 27 4 100 80000 4.40
92 28 4 100 120000 4.40
93 29 4 100 120000 4.40
94 30 4 100 100000 4.40
95 31 4 100 100000 4.40
0 127 3 101 9239 4.49
1 127 3 101 2005 4.49
2 127 3 101 1698 4.49
3 127 3 101 2345 4.49
4 127 3 101 1598 4.49
5 127 3 101 14725 4.49
6 127 3 101 863 4.49
7 127 3 101 4507 4.49
8 127 3 101 2768 4.49
9 127 3 101 3072 4.49
10 127 3 101 3248 4.49
11 127 3 101 3089 4.49
12 127 3 101 220 4.49
13 127 3 101 48767 4.49
14 127 3 101 14706 4.49
15 127 3 101 159 4.49
16 127 3 101 2940 4.49
17 127 3 101 95283 4.49
18 127 3 101 2349 4.49
19 127 3 101 14444 4.49
20 127 3 101 3254 4.49
21 127 3 101 2948 4.49
22 127 3 101 5797 4.49
23 127 3 101 5154 4.49
24 127 3 101 22515 4.49
25 127 3 101 2527 4.49
26 127 3 101 759 4.49
27 127 3 101 31876 4.49
28 127 3 101 9917 4.49
29 127 3 101 3065 4.49
30 127 3 101 1954 4.49
31 127 3 101 978 4.49
0 109 3 101 3461 4.54
1 109 3 101 1919 4.54
2 109 3 101 1651 4.54
3 109 3 101 3906 4.54
4 109 3 101 1892 4.54
5 109 3 101 18309 4.54
6 109 3 101 510 4.54
7 109 3 101 5626 4.54
8 109 3 101 1619 4.54
9 109 3 101 9391 4.54
10 109 3 101 5440 4.54
11 109 3 101 11674 4.54
12 109 3 101 17892 4.54
13 109 3 101 19050 4.54
14 109 3 101 57625 4.54
15 109 3 101 637 4.54
16 109 3 101 2017 4.54
17 109 3 101 2971 4.54
18 109 3 101 4434 4.54
19 109 3 101 16843 4.54
20 109 3 101 20367 4.54
21 109 3 101 1078 4.54
22 109 3 101 5806 4.54
23 109 3 101 14650 4.54
24 109 3 101 2016 4.54
25 109 3 101 1089 4.54
26 109 3 101 56965 4.54
27 109 3 101 50938 4.54
28 109 3 101 1696 4.54
29 109 3 101 136 4.54
30 109 3 101 25651 4.54
31 109 3 101 7334 4.54
32 96 4 100 110000 4.50
33 97 4 100 120000 4.50
34 98 4 100 80000 4.50
35 99 4 100 80000 4.50
36 100 4 100 90000 4.50
37 101 4 100 90000 4.50
38 102 4 100 90000 4.50
39 103 4 100 120000 4.50
40 104 4 100 80000 4.50
41 105 4 100 110000 4.50
42 106 4 100 120000 4.50
43 107 4 100 100000 4.50
44 108 4 100 90000 4.50
45 109 4 100 80000 4.50
46 110 4 100 120000 4.50
47 111 4 100 90000 4.50
48 112 4 100 100000 4.50
49 113 4 100 110000 4.50
50 114 4 100 100000 4.50
51 115 4 100 110000 4.50
52 116 4 100 80000 4.50
53 117 4 100 80000 4.50
54 118 4 100 110000 4.50
55 119 4 100 100000 4.50
56 120 4 100 110000 4.50
57 121 4 100 100000 4.50
58 122 4 100 90000 4.50
59 123 4 100 120000 4.50
60 124 4 100 120000 4.50
61 125 4 100 90000 4.50
62 126 4 100 100000 4.50
63 127 4 100 80000 4.50
64 0 4 100 90000 4.50
65 1 4 100 80000 4.50
66 2 4 100 90000 4.50
67 3 4 100 120000 4.50
68 4 4 100 100000 4.50
69 5 4 100 110000 4.50
70 6 4 100 120000 4.50
71 7 4 100 90000 4.50
72 8 4 100 110000 4.50
73 9 4 100 120000 4.50
74 10 4 100 90000 4.50
75 11 4 100 110000 4.50
76 12 4 100 120000 4.50
77 13 4 100 100000 4.50
78 14 4 100 80000 4.50
79 15 4 100 90000 4.50
80 16 4 100 100000 4.50
81 17 4 100 90000 4.50
82 18 4 100 90000 4.50
83 19 4 100 120000 4.50
84 20 4 100 110000 4.50
85 21 4 100 120000 4.50
86 22 4 100 120000 4.50
87 23 4 100 120000 4.50
88 24 4 100 120000 4.50
89 25 4 100 80000 4.50
90 26 4 100 110000 4.50
91 27 4 100 80000 4.50
92 28 4 100 80000 4.50
93 29 4 100 120000 4.50
94 30 4 100 80000 4.50
95 31 4 100 110000 4.50
0 122 3 101 9977 4.54
1 122 3 101 3749 4.54
2 122 3 101 903 4.54
3 122 3 101 15454 4.54
4 122 3 101 9619 4.54
5 122 3 101 2533 4.54
6 122 3 101 1019 4.54
7 122 3 101 7593 4.54
8 122 3 101 5787 4.54
9 122 3 101 4431 4.54
10 122 3 101 5164 4.54
11 122 3 101 479 4.54
12 122 3 101 209 4.54
13 122 3 101 1324 4.54
14 122 3 101 763 4.54
15 122 3 101 148 4.54
16 122 3 101 134434 4.54
17 122 3 101 1136 4.54
18 122 3 101 335 4.54
19 122 3 101 227 4.54
20 122 3 101 6223 4.54
21 122 3 101 10398 4.54
22 122 3 101 1563 4.54
23 122 3 101 9326 4.54
24 122 3 101 33375 4.54
25 122 3 101 2003 4.54
26 122 3 101 5332 4.54
27 122 3 101 3850 4.54
28 122 3 101 2914 4.54
29 122 3 101 15127 4.54
30 122 3 101 2395 4.54
31 122 3 101 4663 4.54
0 119 3 101 14986 4.70
1 119 3 101 1800 4.70
2 119 3 101 1322 4.70
3 119 3 101 2254 4.70
4 119 3 101 1487 4.70
5 119 3 101 190 4.70
6 119 3 101 2215 4.70
7 119 3 101 576 4.70
8 119 3 101 2896 4.70
9 119 3 101 1741 4.70
10 119 3 101 361 4.70
11 119 3 101 4460 4.70
12 119 3 101 803 4.70
13 119 3 101 33780 4.70
14 119 3 101 537 4.70
15 119 3 101 4531 4.70
16 119 3 101 863 4.70
17 119 3 101 5559 4.70
18 119 3 101 5243 4.70
19 119 3 101 57284 4.70
20 119 3 101 7855 4.70
21 119 3 101 23272 4.70
22 119 3 101 4616 4.70
23 119 3 101 15333 4.70
24 119 3 101 24660 4.70
25 119 3 101 1575 4.70
26 119 3 101 289 4.70
27 119 3 101 592 4.70
28 119 3 101 7915 4.70
29 119 3 101 2726 4.70
30 119 3 101 2656 4.70
31 119 3 101 58638 4.70
32 96 4 100 90000 4.60
33 97 4 100 100000 4.60
34 98 4 100 80000 4.60
35 99 4 100 110000 4.60
36 100 4 100 120000 4.60
37 101 4 100 90000 4.60
38 102 4 100 90000 4.60
39 103 4 100 100000 4.60
40 104 4 100 110000 4.60
41 105 4 100 90000 4.60
42 106 4 100 90000 4.60
43 107 4 100 120000 4.60
44 108 4 100 120000 4.60
45 109 4 100 100000 4.60
46 110 4 100 110000 4.60
47 111 4 100 90000 4.60
48 112 4 100 90000 4.60
49 113 4 100 90000 4.60
50 114 4 100 120000 4.60
51 115 4 100 80000 4.60
52 116 4 100 120000 4.60
53 117 4 100 110000 4.60
54 118 4 100 80000 4.60
55 119 4 100 120000 4.60
56 120 4 100 110000 4.60
57 121 4 100 90000 4.60
58 122 4 100 90000 4.60
59 123 4 100 110000 4.60
60 124 4 100 80000 4.60
61 125 4 100 100000 4.60
62 126 4 100 120000 4.60
63 127 4 100 80000 4.60
64 0 4 100 80000 4.60
65 1 4 100 90000 4.60
66 2 4 100 120000 4.60
67 3 4 100 120000 4.60
68 4 4 100 110000 4.60
69 5 4 100 80000 4.60
70 6 4 100 80000 4.60
71 7 4 100 120000 4.60
72 8 4 100 110000 4.60
73 9 4 100 110000 4.60
74 10 4 100 100000 4.60
75 11 4 100 90000 4.60
76 12 4 100 100000 4.60
77 13 4 100 100000 4.60
78 14 4 100 120000 4.60
79 15 4 100 110000 4.60
80 16 4 100 100000 4.60
81 17 4 100 90000 4.60
82 18 4 100 120000 4.60
83 19 4 100 120000 4.60
84 20 4 100 100000 4.60
85 21 4 100 120000 4.60
86 22 4 100 110000 4.60
87 23 4 100 80000 4.60
88 24 4 100 80000 4.60
89 25 4 100 90000 4.60
90 26 4 100 120000 4.60
91 27 4 100 100000 4.60
92 28 4 100 120000 4.60
93 29 4 100 120000 4.60
94 30 4 100 100000 4.60
95 31 4 100 100000 4.60
0 113 3 101 1254 4.64
1 113 3 101 6942 4.64
2 113 3 101 5856 4.64
3 113 3 101 292 4.64
4 113 3 101 2239 4.64
5 113 3 101 3183 4.64
6 113 3 101 701 4.64
7 113 3 101 9244 4.64
8 113 3 101 5276 4.64
9 113 3 101 2987 4.64
10 113 3 101 6696 4.64
11 113 3 101 57199 4.64
12 113 3 101 10198 4.64
13 113 3 101 7681 4.64
14 113 3 101 31096 4.64
15 113 3 101 1970 4.64
16 113 3 101 341 4.64
17 113 3 101 3572 4.64
18 113 3 101 7247 4.64
19 113 3 101 2305 4.64
20 113 3 101 4886 4.64
21 113 3 101 331 4.64
22 113 3 101 4207 4.64
23 113 3 101 3818 4.64
24 113 3 101 10862 4.64
25 113 3 101 2326 4.64
26 113 3 101 1315 4.64
27 113 3 101 5677 4.64
28 113 3 101 1233 4.64
29 113 3 101 10630 4.64
30 113 3 101 840 4.64
31 113 3 101 34519 4.64
0 110 3 101 3049 4.67
1 110 3 101 2212 4.67
2 110 3 101 59671 4.67
3 110 3 101 4409 4.67
4 110 3 101 4042 4.67
5 110 3 101 937 4.67
6 110 3 101 1526 4.67
7 110 3 101 719 4.67
8 110 3 101 1986 4.67
9 110 3 101 325 4.67
10 110 3 101 14085 4.67
11 110 3 101 5800 4.67
12 110 3 101 918 4.67
13 110 3 101 10489 4.67
14 110 3 101 26533 4.67
15 110 3 101 23363 4.67
16 110 3 101 1221 4.67
17 110 3 101 430 4.67
18 110 3 101 2600 4.67
19 110 3 101 455 4.67
20 110 3 101 7637 4.67
21 110 3 101 26545 4.67
22 110 3 101 8196 4.67
23 110 3 101 618 4.67
24 110 3 101 6128 4.67
25 110 3 101 374 4.67
26 110 3 101 2068 4.67
27 110 3 101 2129 4.67
28 110 3 101 4826 4.67
29 110 3 101 1834 4.67
30 110 3 101 5406 4.67
31 110 3 101 1938 4.67
0 121 3 101 10881 4.98
1 121 3 101 2757 4.98
2 121 3 101 7542 4.98
3 121 3 101 1745 4.98
4 121 3 101 1670 4.98
5 121 3 101 35543 4.98
6 121 3 101 7946 4.98
7 121 3 101 7930 4.98
8 121 3 101 1703 4.98
9 121 3 101 20615 4.98
10 121 3 101 6234 4.98
11 121 3 101 1037 4.98
12 121 3 101 30745 4.98
13 121 3 101 4891 4.98
14 121 3 101 26500 4.98
15 121 3 101 1059 4.98
16 121 3 101 1873 4.98
17 121 3 101 77 4.98
18 121 3 101 4234 4.98
19 121 3 101 22636 4.98
20 121 3 101 514 4.98
21 121 3 101 243 4.98
22 121 3 101 184 4.98
23 121 3 101 1524 4.98
24 121 3 101 3298 4.98
25 121 3 101 20657 4.98
26 121 3 101 1026 4.98
27 121 3 101 3836 4.98
28 121 3 101 1577 4.98
29 121 3 101 1128 4.98
30 121 3 101 1166 4.98
31 121 3 101 14786 4.98
32 96 4 100 90000 4.70
33 97 4 100 100000 4.70
34 98 4 100 80000 4.70
35 99 4 100 90000 4.70
36 100 4 100 80000 4.70
37 101 4 100 120000 4.70
38 102 4 100 90000 4.70
39 103 4 100 90000 4.70
40 104 4 100 110000 4.70
41 105 4 100 90000 4.70
42 106 4 100 120000 4.70
43 107 4 100 80000 4.70
44 108 4 100 100000 4.70
45 109 4 100 100000 4.70
46 110 4 100 110000 4.70
47 111 4 100 90000 4.70
48 112 4 100 100000 4.70
49 113 4 100 110000 4.70
50 114 4 100 90000 4.70
51 115 4 100 120000 4.70
52 116 4 100 100000 4.70
53 117 4 100 80000 4.70
54 118 4 100 110000 4.70
55 119 4 100 120000 4.70
56 120 4 100 80000 4.70
57 121 4 100 100000 4.70
58 122 4 100 110000 4.70
59 123 4 100 110000 4.70
60 124 4 100 80000 4.70
61 125 4 100 100000 4.70
62 126 4 100 90000 4.70
63 127 4 100 90000 4.70
64 0 4 100 100000 4.70
65 1 4 100 120000 4.70
66 2 4 100 80000 4.70
67 3 4 100 80000 4.70
68 4 4 100 90000 4.70
69 5 4 100 110000 4.70
70 6 4 100 90000 4.70
71 7 4 100 80000 4.70
72 8 4 100 80000 4.70
73 9 4 100 80000 4.70
74 10 4 100 80000 4.70
75 11 4 100 80000 4.70
76 12 4 100 110000 4.70
77 13 4 100 80000 4.70
78 14 4 100 120000 4.70
79 15 4 100 90000 4.70
80 16 4 100 90000 4.70
81 17 4 100 110000 4.70
82 18 4 100 80000 4.70
83 19 4 100 90000 4.70
84 20 4 100 100000 4.70
85 21 4 100 80000 4.70
86 22 4 100 100000 4.70
87 23 4 100 100000 4.70
88 24 4 100 120000 4.70
89 25 4 100 120000 4.70
90 26 4 100 100000 4.70
91 27 4 100 80000 4.70
92 28 4 100 90000 4.70
93 29 4 100 110000 4.70
94 30 4 100 100000 4.70
95 31 4 100 100000 4.70
0 123 3 101 1295 4.71
1 123 3 101 4336 4.71
2 123 3 101 399 4.71
3 123 3 101 22875 4.71
4 123 3 101 1324 4.71
5 123 3 101 6957 4.71
6 123 3 101 4427 4.71
7 123 3 101 866 4.71
8 123 3 101 16664 4.71
9 123 3 101 6911 4.71
10 123 3 101 10818 4.71
11 123 3 101 26319 4.71
12 123 3 101 911 4.71
13 123 3 101 5064 4.71
14 123 3 101 921 4.71
15 123 3 101 38834 4.71
16 123 3 101 485 4.71
17 123 3 101 2093 4.71
18 123 3 101 3007 4.71
19 123 3 101 606 4.71
20 123 3 101 1912 4.71
21 123 3 101 3908 4.71
22 123 3 101 14954 4.71
23 123 3 101 1518 4.71
24 123 3 101 22476 4.71
25 123 3 101 2026 4.71
26 123 3 101 786 4.71
27 123 3 101 2607 4.71
28 123 3 101 570 4.71
29 123 3 101 875 4.71
30 123 3 101 585 4.71
31 123 3 101 21109 4.71
0 98 3 101 156 4.81
1 98 3 101 3935 4.81
2 98 3 101 41071 4.81
3 98 3 101 1733 4.81
4 98 3 101 42127 4.81
5 98 3 101 1279 4.81
6 98 3 101 8485 4.81
7 98 3 101 2030 4.81
8 98 3 101 3541 4.81
9 98 3 101 401 4.81
10 98 3 101 2527 4.81
11 98 3 101 14275 4.81
12 98 3 101 9061 4.81
13 98 3 101 2756 4.81
14 98 3 101 8498 4.81
15 98 3 101 2380 4.81
16 98 3 101 7598 4.81
17 98 3 101 5381 4.81
18 98 3 101 6286 4.81
19 98 3 101 39040 4.81
20 98 3 101 1738 4.81
21 98 3 101 1099 4.81
22 98 3 101 1640 4.81
23 98 3 101 4455 4.81
24 98 3 101 21882 4.81
25 98 3 101 3171 4.81
26 98 3 101 24586 4.81
27 98 3 101 6106 4.81
28 98 3 101 19571 4.81
29 98 3 101 6381 4.81
30 98 3 101 1473 4.81
31 98 3 101 16405 4.81
32 96 4 100 90000 4.80
33 97 4 100 110000 4.80
34 98 4 100 120000 4.80
35 99 4 100 100000 4.80
36 100 4 100 100000 4.80
37 101 4 100 120000 4.80
38 102 4 100 120000 4.80
39 103 4 100 110000 4.80
40 104 4 100 90000 4.80
41 105 4 100 100000 4.80
42 106 4 100 110000 4.80
43 107 4 100 110000 4.80
44 108 4 100 110000 4.80
45 109 4 100 120000 4.80
46 110 4 100 110000 4.80
47 111 4 100 110000 4.80
48 112 4 100 110000 4.80
49 113 4 100 80000 4.80
50 114 4 100 120000 4.80
51 115 4 100 80000 4.80
52 116 4 100 80000 4.80
53 117 4 100 90000 4.80
54 118 4 100 110000 4.80
55 119 4 100 100000 4.80
56 120 4 100 110000 4.80
57 121 4 100 90000 4.80
58 122 4 100 110000 4.80
59 123 4 100 110000 4.80
60 124 4 100 90000 4.80
61 125 4 100 80000 4.80
62 126 4 100 120000 4.80
63 127 4 100 110000 4.80
64 0 4 100 90000 4.80
65 1 4 100 120000 4.80
66 2 4 100 80000 4.80
67 3 4 100 100000 4.80
68 4 4 100 90000 4.80
69 5 4 100 80000 4.80
70 6 4 100 80000 4.80
71 7 4 100 90000 4.80
72 8 4 100 110000 4.80
73 9 4 100 100000 4.80
74 10 4 100 110000 4.80
75 11 4 100 100000 4.80
76 12 4 100 110000 4.80
77 13 4 100 90000 4.80
78 14 4 100 90000 4.80
79 15 4 100 120000 4.80
80 16 4 100 90000 4.80
81 17 4 100 120000 4.80
82 18 4 100 110000 4.80
83 19 4 100 120000 4.80
84 20 4 100 100000 4.80
85 21 4 100 90000 4.80
86 22 4 100 120000 4.80
87 23 4 100 110000 4.80
88 24 4 100 100000 4.80
89 25 4 100 90000 4.80
90 26 4 100 90000 4.80
91 27 4 100 120000 4.80
92 28 4 100 100000 4.80
93 29 4 100 120000 4.80
94 30 4 100 100000 4.80
95 31 4 100 100000 4.80
0 112 3 101 636 5.13
1 112 3 101 2604 5.13
2 112 3 101 6578 5.13
3 112 3 101 38550 5.13
4 112 3 101 10514 5.13
5 112 3 101 33756 5.13
6 112 3 101 24616 5.13
7 112 3 101 2555 5.13
8 112 3 101 7683 5.13
9 112 3 101 12200 5.13
10 112 3 101 5704 5.13
11 112 3 101 27 5.13
12 112 3 101 16194 5.13
13 112 3 101 390 5.13
14 112 3 101 12804 5.13
15 112 3 101 19807 5.13
16 112 3 101 10454 5.13
17 112 3 101 6357 5.13
18 112 3 101 30483 5.13
19 112 3 101 2593 5.13
20 112 3 101 2619 5.13
21 112 3 101 2272 5.13
22 112 3 101 18294 5.13
23 112 3 101 6413 5.13
24 112 3 101 5184 5.13
25 112 3 101 8303 5.13
26 112 3 101 26173 5.13
27 112 3 101 528 5.13
28 112 3 101 2357 5.13
29 112 3 101 2023 5.13
30 112 3 101 398 5.13
31 112 3 101 8435 5.13
32 96 4 100 110000 4.90
33 97 4 100 90000 4.90
34 98 4 100 100000 4.90
35 99 4 100 110000 4.90
36 100 4 100 80000 4.90
37 101 4 100 90000 4.90
38 102 4 100 80000 4.90
39 103 4 100 80000 4.90
40 104 4 100 100000 4.90
41 105 4 100 90000 4.90
42 106 4 100 100000 4.90
43 107 4 100 110000 4.90
44 108 4 100 80000 4.90
45 109 4 100 100000 4.90
46 110 4 100 90000 4.90
47 111 4 100 110000 4.90
48 112 4 100 100000 4.90
49 113 4 100 110000 4.90
50 114 4 100 120000 4.90
51 115 4 100 110000 4.90
52 116 4 100 90000 4.90
53 117 4 100 110000 4.90
54 118 4 100 120000 4.90
55 119 4 100 100000 4.90
56 120 4 100 120000 4.90
57 121 4 100 120000 4.90
58 122 4 100 80000 4.90
59 123 4 100 100000 4.90
60 124 4 100 110000 4.90
61 125 4 100 80000 4.90
62 126 4 100 80000 4.90
63 127 4 100 110000 4.90
64 0 4 100 80000 4.90
65 1 4 100 100000 4.90
66 2 4 100 80000 4.90
67 3 4 100 120000 4.90
68 4 4 100 110000 4.90
69 5 4 100 100000 4.90
70 6 4 100 80000 4.90
71 7 4 100 110000 4.90
72 8 4 100 80000 4.90
73 9 4 100 120000 4.90
74 10 4 100 100000 4.90
75 11 4 100 120000 4.90
76 12 4 100 110000 4.90
77 13 4 100 90000 4.90
78 14 4 100 120000 4.90
79 15 4 100 90000 4.90
80 16 4 100 90000 4.90
81 17 4 100 100000 4.90
82 18 4 100 80000 4.90
83 19 4 100 120000 4.90
84 20 4 100 90000 4.90
85 21 4 100 80000 4.90
86 22 4 100 90000 4.90
87 23 4 100 100000 4.90
88 24 4 100 120000 4.90
89 25 4 100 110000 4.90
90 26 4 100 120000 4.90
91 27 4 100 110000 4.90
92 28 4 100 90000 4.90
93 29 4 100 80000 4.90
94 30 4 100 100000 4.90
95 31 4 100 80000 4.90
0 110 3 101 12708 4.93
1 110 3 101 393 4.93
2 110 3 101 1911 4.93
3 110 3 101 16691 4.93
4 110 3 101 20 4.93
5 110 3 101 18739 4.93
6 110 3 101 76728 4.93
7 110 3 101 2106 4.93
8 110 3 101 4757 4.93
9 110 3 101 786 4.93
10 110 3 101 265 4.93
11 110 3 101 10896 4.93
12 110 3 101 9566 4.93
13 110 3 101 980 4.93
14 110 3 101 1902 4.93
15 110 3 101 8812 4.93
16 110 3 101 521 4.93
17 110 3 101 29859 4.93
18 110 3 101 5637 4.93
19 110 3 101 14141 4.93
20 110 3 101 186 4.93
21 110 3 101 1759 4.93
22 110 3 101 6139 4.93
23 110 3 101 290 4.93
24 110 3 101 12743 4.93
25 110 3 101 121997 4.93
26 110 3 101 11457 4.93
27 110 3 101 1895 4.93
28 110 3 101 1466 4.93
29 110 3 101 153 4.93
30 110 3 101 1129 4.93
31 110 3 101 655 4.93
0 117 3 101 1785 5.00
1 117 3 101 6938 5.00
2 117 3 101 25041 5.00
3 117 3 101 3507 5.00
4 117 3 101 22969 5.00
5 117 3 101 13526 5.00
6 117 3 101 1421 5.00
7 117 3 101 895 5.00
8 117 3 101 93650 5.00
9 117 3 101 155 5.00
10 117 3 101 1174 5.00
11 117 3 101 1938 5.00
12 117 3 101 9534 5.00
13 117 3 101 56810 5.00
14 117 3 101 2296 5.00
15 117 3 101 8506 5.00
16 117 3 101 6403 5.00
17 117 3 101 1156 5.00
18 117 3 101 3206 5.00
19 117 3 101 722 5.00
20 117 3 101 10431 5.00
21 117 3 101 252 5.00
22 117 3 101 1649 5.00
23 117 3 101 763 5.00
24 117 3 101 2230 5.00
25 117 3 101 1009 5.00
26 117 3 101 24227 5.00
27 117 3 101 13981 5.00
28 117 3 101 401 5.00
29 117 3 101 3413 5.00
30 117 3 101 244116 5.00
31 117 3 101 13416 5.00
32 96 4 100 90000 5.00
33 97 4 100 110000 5.00
34 98 4 100 110000 5.00
35 99 4 100 110000 5.00
36 100 4 100 100000 5.00
37 101 4 100 90000 5.00
38 102 4 100 100000 5.00
39 103 4 100 90000 5.00
40 104 4 100 80000 5.00
41 105 4 100 120000 5.00
42 106 4 100 100000 5.00
43 107 4 100 110000 5.00
44 108 4 100 110000 5.00
45 109 4 100 120000 5.00
46 110 4 100 110000 5.00
47 111 4 100 100000 5.00
48 112 4 100 110000 5.00
49 113 4 100 100000 5.00
50 114 4 100 120000 5.00
51 115 4 100 100000 5.00
52 116 4 100 120000 5.00
53 117 4 100 100000 5.00
54 118 4 100 80000 5.00
55 119 4 100 110000 5.00
56 120 4 100 80000 5.00
57 121 4 100 90000 5.00
58 122 4 100 110000 5.00
59 123 4 100 90000 5.00
60 124 4 100 120000 5.00
61 125 4 100 80000 5.00
62 126 4 100 120000 5.00
63 127 4 100 90000 5.00
64 0 4 100 120000 5.00
65 1 4 100 100000 5.00
66 2 4 100 120000 5.00
67 3 4 100 100000 5.00
68 4 4 100 120000 5.00
69 5 4 100 80000 5.00
70 6 4 100 90000 5.00
71 7 4 100 120000 5.00
72 8 4 100 100000 5.00
73 9 4 100 90000 5.00
74 10 4 100 90000 5.00
75 11 4 100 100000 5.00
76 12 4 100 90000 5.00
77 13 4 100 120000 5.00
78 14 4 100 100000 5.00
79 15 4 100 90000 5.00
80 16 4 100 110000 5.00
81 17 4 100 120000 5.00
82 18 4 100 110000 5.00
83 19 4 100 90000 5.00
84 20 4 100 90000 5.00
85 21 4 100 120000 5.00
86 22 4 100 110000 5.00
87 23 4 100 120000 5.00
88 24 4 100 110000 5.00
89 25 4 100 80000 5.00
90 26 4 100 120000 5.00
91 27 4 100 100000 5.00
92 28 4 100 100000 5.00
93 29 4 100 110000 5.00
94 30 4 100 120000 5.00
95 31 4 100 120000 5.00
0 125 3 101 3446 5.06
1 125 3 101 37527 5.06
2 125 3 101 17520 5.06
3 125 3 101 1667 5.06
4 125 3 101 3 5.06
5 125 3 101 114 5.06
6 125 3 101 4234 5.06
7 125 3 101 462 5.06
8 125 3 101 33785 5.06
9 125 3 101 4284 5.06
10 125 3 101 2976 5.06
11 125 3 101 19273 5.06
12 125 3 101 4949 5.06
13 125 3 101 7273 5.06
14 125 3 101 7298 5.06
15 125 3 101 1790 5.06
16 125 3 101 468 5.06
17 125 3 101 4687 5.06
18 125 3 101 43740 5.06
19 125 3 101 3835 5.06
20 125 3 101 5345 5.06
21 125 3 101 6651 5.06
22 125 3 101 4181 5.06
23 125 3 101 4197 5.06
24 125 3 101 11569 5.06
25 125 3 101 1663 5.06
26 125 3 101 16215 5.06
27 125 3 101 13510 5.06
28 125 3 101 14517 5.06
29 125 3 101 209 5.06
30 125 3 101 470 5.06
31 125 3 101 206 5.06
0 111 3 101 2592 5.10
1 111 3 101 3943 5.10
2 111 3 101 1475 5.10
3 111 3 101 2903 5.10
4 111 3 101 864 5.10
5 111 3 101 8395 5.10
6 111 3 101 1042 5.10
7 111 3 101 2029 5.10
8 111 3 101 8642 5.10
9 111 3 101 3761 5.10
10 111 3 101 213 5.10
11 111 3 101 355 5.10
12 111 3 101 772 5.10
13 111 3 101 8356 5.10
14 111 3 101 5474 5.10
15 111 3 101 513 5.10
16 111 3 101 7665 5.10
17 111 3 101 63 5.10
18 111 3 101 1140 5.10
19 111 3 101 5563 5.10
20 111 3 101 786 5.10
21 111 3 101 2046 5.10
22 111 3 101 369 5.10
23 111 3 101 3324 5.10
24 111 3 101 9199 5.10
25 111 3 101 116443 5.10
26 111 3 101 1866 5.10
27 111 3 101 16859 5.10
28 111 3 101 5294 5.10
29 111 3 101 5394 5.10
30 111 3 101 10892 5.10
31 111 3 101 653 5.10
0 101 3 101 2739 5.16
1 101 3 101 18707 5.16
2 101 3 101 508 5.16
3 101 3 101 64754 5.16
4 101 3 101 6181 5.16
5 101 3 101 1571 5.16
6 101 3 101 2829 5.16
7 101 3 101 13682 5.16
8 101 3 101 27210 5.16
9 101 3 101 2105 5.16
10 101 3 101 97707 5.16
11 101 3 101 3412 5.16
12 101 3 101 162 5.16
13 101 3 101 26601 5.16
14 101 3 101 9561 5.16
15 101 3 101 3827 5.16
16 101 3 101 93931 5.16
17 101 3 101 781 5.16
18 101 3 101 32877 5.16
19 101 3 101 32345 5.16
20 101 3 101 2477 5.16
21 101 3 101 1185 5.16
22 101 3 101 1513 5.16
23 101 3 101 2647 5.16
24 101 3 101 21258 5.16
25 101 3 101 652 5.16
26 101 3 101 3223 5.16
27 101 3 101 9873 5.16
28 101 3 101 1666 5.16
29 101 3 101 36960 5.16
30 101 3 101 3440 5.16
31 101 3 101 1789 5.16
32 96 4 100 80000 5.10
33 97 4 100 100000 5.10
34 98 4 100 80000 5.10
35 99 4 100 80000 5.10
36 100 4 100 120000 5.10
37 101 4 100 80000 5.10
38 102 4 100 90000 5.10
39 103 4 100 80000 5.10
40 104 4 100 100000 5.10
41 105 4 100 90000 5.10
42 106 4 100 100000 5.10
43 107 4 100 100000 5.10
44 108 4 100 110000 5.10
45 109 4 100 80000 5.10
46 110 4 100 100000 5.10
47 111 4 100 80000 5.10
48 112 4 100 110000 5.10
49 113 4 100 90000 5.10
50 114 4 100 100000 5.10
51 115 4 100 120000 5.10
52 116 4 100 80000 5.10
53 117 4 100 80000 5.10
54 118 4 100 90000 5.10
55 119 4 100 100000 5.10
56 120 4 100 100000 5.10
57 121 4 100 80000 5.10
58 122 4 100 100000 5.10
59 123 4 100 120000 5.10
60 124 4 100 90000 5.10
61 125 4 100 120000 5.10
62 126 4 100 110000 5.10
63 127 4 100 120000 5.10
64 0 4 100 100000 5.10
65 1 4 100 100000 5.10
66 2 4 100 90000 5.10
67 3 4 100 110000 5.10
68 4 4 100 90000 5.10
69 5 4 100 110000 5.10
70 6 4 100 100000 5.10
71 7 4 100 80000 5.10
72 8 4 100 80000 5.10
73 9 4 100 100000 5.10
74 10 4 100 100000 5.10
75 11 4 100 100000 5.10
76 12 4 100 90000 5.10
77 13 4 100 110000 5.10
78 14 4 100 90000 5.10
79 15 4 100 80000 5.10
80 16 4 100 110000 5.10
81 17 4 100 80000 5.10
82 18 4 100 80000 5.10
83 19 4 100 120000 5.10
84 20 4 100 110000 5.10
85 21 4 100 100000 5.10
86 22 4 100 80000 5.10
87 23 4 100 120000 5.10
88 24 4 100 90000 5.10
89 25 4 100 90000 5.10
90 26 4 100 90000 5.10
91 27 4 100 110000 5.10
92 28 4 100 100000 5.10
93 29 4 100 80000 5.10
94 30 4 100 110000 5.10
95 31 4 100 80000 5.10
0 121 3 101 2655 5.10
1 121 3 101 3263 5.10
2 121 3 101 204 5.10
3 121 3 101 2736 5.10
4 121 3 101 2246 5.10
5 121 3 101 390 5.10
6 121 3 101 14536 5.10
7 121 3 101 2991 5.10
8 121 3 101 1933 5.10
9 121 3 101 1749 5.10
10 121 3 101 184 5.10
11 121 3 101 5840 5.10
12 121 3 101 8080 5.10
13 121 3 101 6544 5.10
14 121 3 101 1592 5.10
15 121 3 101 35563 5.10
16 121 3 101 2712 5.10
17 121 3 101 136 5.10
18 121 3 101 206 5.10
19 121 3 101 20465 5.10
20 121 3 101 1075 5.10
21 121 3 101 11459 5.10
22 121 3 101 490 5.10
23 121 3 101 1942 5.10
24 121 3 101 17265 5.10
25 121 3 101 2781 5.10
26 121 3 101 294 5.10
27 121 3 101 26778 5.10
28 121 3 101 9758 5.10
29 121 3 101 36615 5.10
30 121 3 101 12696 5.10
31 121 3 101 1021 5.10
0 96 3 101 154 5.15
1 96 3 101 1600 5.15
2 96 3 101 14688 5.15
3 96 3 101 1177 5.15
4 96 3 101 1512 5.15
5 96 3 101 4333 5.15
6 96 3 101 10633 5.15
7 96 3 101 19006 5.15
8 96 3 101 16164 5.15
9 96 3 101 917 5.15
10 96 3 101 1035 5.15
11 96 3 101 51204 5.15
12 96 3 101 33547 5.15
13 96 3 101 796 5.15
14 96 3 101 5902 5.15
15 96 3 101 777 5.15
16 96 3 101 13313 5.15
17 96 3 101 6303 5.15
18 96 3 101 5969 5.15
19 96 3 101 534 5.15
20 96 3 101 371 5.15
21 96 3 101 2245 5.15
22 96 3 101 2387 5.15
23 96 3 101 3668 5.15
24 96 3 101 7810 5.15
25 96 3 101 6550 5.15
26 96 3 101 8825 5.15
27 96 3 101 3922 5.15
28 96 3 101 10297 5.15
29 96 3 101 14044 5.15
30 96 3 101 24059 5.15
31 96 3 101 1124 5.15
0 117 3 101 785 5.25
1 117 3 101 10255 5.25
2 117 3 101 441 5.25
3 117 3 101 2947 5.25
4 117 3 101 9336 5.25
5 117 3 101 22083 5.25
6 117 3 101 900 5.25
7 117 3 101 1187 5.25
8 117 3 101 22351 5.25
9 117 3 101 1230 5.25
10 117 3 101 424 5.25
11 117 3 101 5807 5.25
12 117 3 101 11188 5.25
13 117 3 101 823 5.25
14 117 3 101 10256 5.25
15 117 3 101 15638 5.25
16 117 3 101 8471 5.25
17 117 3 101 10290 5.25
18 117 3 101 4950 5.25
19 117 3 101 2332 5.25
20 117 3 101 42192 5.25
21 117 3 101 1248 5.25
22 117 3 101 282 5.25
23 117 3 101 1361 5.25
24 117 3 101 9381 5.25
25 117 3 101 2087 5.25
26 117 3 101 990 5.25
27 117 3 101 1512 5.25
28 117 3 101 4680 5.25
29 117 3 101 549 5.25
30 117 3 101 391 5.25
31 117 3 101 155 5.25
32 96 4 100 80000 5.20
33 97 4 100 90000 5.20
34 98 4 100 110000 5.20
35 99 4 100 90000 5.20
36 100 4 100 110000 5.20
37 101 4 100 100000 5.20
38 102 4 100 100000 5.20
39 103 4 100 100000 5.20
40 104 4 100 120000 5.20
41 105 4 100 120000 5.20
42 106 4 100 100000 5.20
43 107 4 100 110000 5.20
44 108 4 100 110000 5.20
45 109 4 100 110000 5.20
46 110 4 100 80000 5.20
47 111 4 100 100000 5.20
48 112 4 100 100000 5.20
49 113 4 100 110000 5.20
50 114 4 100 80000 5.20
51 115 4 100 80000 5.20
52 116 4 100 120000 5.20
53 117 4 100 90000 5.20
54 118 4 100 120000 5.20
55 119 4 100 110000 5.20
56 120 4 100 100000 5.20
57 121 4 100 90000 5.20
58 122 4 100 80000 5.20
59 123 4 100 120000 5.20
60 124 4 100 110000 5.20
61 125 4 100 100000 5.20
62 126 4 100 80000 5.20
63 127 4 100 110000 5.20
64 0 4 100 80000 5.20
65 1 4 100 80000 5.20
66 2 4 100 90000 5.20
67 3 4 100 100000 5.20
68 4 4 100 80000 5.20
69 5 4 100 80000 5.20
70 6 4 100 120000 5.20
71 7 4 100 90000 5.20
72 8 4 100 100000 5.20
73 9 4 100 100000 5.20
74 10 4 100 110000 5.20
75 11 4 100 90000 5.20
76 12 4 100 120000 5.20
77 13 4 100 100000 5.20
78 14 4 100 90000 5.20
79 15 4 100 110000 5.20
80 16 4 100 100000 5.20
81 17 4 100 120000 5.20
82 18 4 100 90000 5.20
83 19 4 100 120000 5.20
84 20 4 100 80000 5.20
85 21 4 100 120000 5.20
86 22 4 100 120000 5.20
87 23 4 100 90000 5.20
88 24 4 100 120000 5.20
89 25 4 100 80000 5.20
90 26 4 100 80000 5.20
91 27 4 100 100000 5.20
92 28 4 100 100000 5.20
93 29 4 100 120000 5.20
94 30 4 100 120000 5.20
95 31 4 100 90000 5.20
0 126 3 101 924 5.27
1 126 3 101 4543 5.27
2 126 3 101 2036 5.27
3 126 3 101 3872 5.27
4 126 3 101 1389 5.27
5 126 3 101 2577 5.27
6 126 3 101 137 5.27
7 126 3 101 24185 5.27
8 126 3 101 13461 5.27
9 126 3 101 6153 5.27
10 126 3 101 3353 5.27
11 126 3 101 4686 5.27
12 126 3 101 6579 5.27
13 126 3 101 126 5.27
14 126 3 101 6444 5.27
15 126 3 101 3647 5.27
16 126 3 101 2144 5.27
17 126 3 101 278 5.27
18 126 3 101 2487 5.27
19 126 3 101 5549 5.27
20 126 3 101 6445 5.27
21 126 3 101 12119 5.27
22 126 3 101 2185 5.27
23 126 3 101 1990 5.27
24 126 3 101 2763 5.27
25 126 3 101 5417 5.27
26 126 3 101 859 5.27
27 126 3 101 24197 5.27
28 126 3 101 13393 5.27
29 126 3 101 4758 5.27
30 126 3 101 7 5.27
31 126 3 101 209 5.27
0 111 3 101 9828 5.33
1 111 3 101 38 5.33
2 111 3 101 1093 5.33
3 111 3 101 6612 5.33
4 111 3 101 389 5.33
5 111 3 101 943 5.33
6 111 3 101 6463 5.33
7 111 3 101 12307 5.33
8 111 3 101 738 5.33
9 111 3 101 4777 5.33
10 111 3 101 15592 5.33
11 111 3 101 8470 5.33
12 111 3 101 1163 5.33
13 111 3 101 13677 5.33
14 111 3 101 21701 5.33
15 111 3 101 6947 5.33
16 111 3 101 1617 5.33
17 111 3 101 368 5.33
18 111 3 101 7362 5.33
19 111 3 101 3584 5.33
20 111 3 101 1818 5.33
21 111 3 101 6839 5.33
22 111 3 101 535 5.33
23 111 3 101 3610 5.33
24 111 3 101 2869 5.33
25 111 3 101 11686 5.33
26 111 3 101 1545 5.33
27 111 3 101 6637 5.33
28 111 3 101 4441 5.33
29 111 3 101 7941 5.33
30 111 3 101 9693 5.33
31 111 3 101 6350 5.33
32 96 4 100 80000 5.30
33 97 4 100 110000 5.30
34 98 4 100 90000 5.30
35 99 4 100 80000 5.30
36 100 4 100 80000 5.30
37 101 4 100 90000 5.30
38 102 4 100 90000 5.30
39 103 4 100 110000 5.30
40 104 4 100 110000 5.30
41 105 4 100 110000 5.30
42 106 4 100 80000 5.30
43 107 4 100 110000 5.30
44 108 4 100 110000 5.30
45 109 4 100 80000 5.30
46 110 4 100 110000 5.30
47 111 4 100 90000 5.30
48 112 4 100 110000 5.30
49 113 4 100 120000 5.30
50 114 4 100 110000 5.30
51 115 4 100 80000 5.30
52 116 4 100 110000 5.30
53 117 4 100 90000 5.30
54 118 4 100 80000 5.30
55 119 4 100 80000 5.30
56 120 4 100 110000 5.30
57 121 4 100 100000 5.30
58 122 4 100 100000 5.30
59 123 4 100 100000 5.30
60 124 4 100 110000 5.30
61 125 4 100 100000 5.30
62 126 4 100 80000 5.30
63 127 4 100 100000 5.30
64 0 4 100 100000 5.30
65 1 4 100 100000 5.30
66 2 4 100 120000 5.30
67 3 4 100 80000 5.30
68 4 4 100 80000 5.30
69 5 4 100 100000 5.30
70 6 4 100 120000 5.30
71 7 4 100 80000 5.30
72 8 4 100 110000 5.30
73 9 4 100 100000 5.30
74 10 4 100 110000 5.30
75 11 4 100 110000 5.30
76 12 4 100 90000 5.30
77 13 4 100 80000 5.30
78 14 4 100 90000 5.30
79 15 4 100 120000 5.30
80 16 4 100 90000 5.30
81 17 4 100 100000 5.30
82 18 4 100 90000 5.30
83 19 4 100 110000 5.30
84 20 4 100 120000 5.30
85 21 4 100 120000 5.30
86 22 4 100 100000 5.30
87 23 4 100 80000 5.30
88 24 4 100 80000 5.30
89 25 4 100 90000 5.30
90 26 4 100 100000 5.30
91 27 4 100 80000 5.30
92 28 4 100 90000 5.30
93 29 4 100 80000 5.30
94 30 4 100 110000 5.30
95 31 4 100 90000 5.30
0 116 3 101 32950 5.32
1 116 3 101 5260 5.32
2 116 3 101 6441 5.32
3 116 3 101 9048 5.32
4 116 3 101 1141 5.32
5 116 3 101 517 5.32
6 116 3 101 848 5.32
7 116 3 101 580 5.32
8 116 3 101 3626 5.32
9 116 3 101 4287 5.32
10 116 3 101 49 5.32
11 116 3 101 4038 5.32
12 116 3 101 7999 5.32
13 116 3 101 615 5.32
14 116 3 101 1648 5.32
15 116 3 101 2302 5.32
16 116 3 101 3191 5.32
17 116 3 101 3033 5.32
18 116 3 101 2342 5.32
19 116 3 101 77661 5.32
20 116 3 101 16 5.32
21 116 3 101 1150 5.32
22 116 3 101 1670 5.32
23 116 3 101 6222 5.32
24 116 3 101 122 5.32
25 116 3 101 11841 5.32
26 116 3 101 5814 5.32
27 116 3 101 12110 5.32
28 116 3 101 31261 5.32
29 116 3 101 2645 5.32
30 116 3 101 9173 5.32
31 116 3 101 2039 5.32
0 118 3 101 444 5.34
1 118 3 101 949 5.34
2 118 3 101 12135 5.34
3 118 3 101 1154 5.34
4 118 3 101 5704 5.34
5 118 3 101 64563 5.34
6 118 3 101 2363 5.34
7 118 3 101 4837 5.34
8 118 3 101 11388 5.34
9 118 3 101 3802 5.34
10 118 3 101 5171 5.34
11 118 3 101 4778 5.34
12 118 3 101 4688 5.34
13 118 3 101 2874 5.34
14 118 3 101 12310 5.34
15 118 3 101 1070 5.34
16 118 3 101 1433 5.34
17 118 3 101 3190 5.34
18 118 3 101 509 5.34
19 118 3 101 6692 5.34
20 118 3 101 20272 5.34
21 118 3 101 2359 5.34
22 118 3 101 53829 5.34
23 118 3 101 404 5.34
24 118 3 101 744 5.34
25 118 3 101 1245 5.34
26 118 3 101 6152 5.34
27 118 3 101 1597 5.34
28 118 3 101 6705 5.34
29 118 3 101 18353 5.34
30 118 3 101 5538 5.34
31 118 3 101 25825 5.34
0 127 3 101 9137 5.48
1 127 3 101 53 5.48
2 127 3 101 14335 5.48
3 127 3 101 1478 5.48
4 127 3 101 15547 5.48
5 127 3 101 213 5.48
6 127 3 101 4020 5.48
7 127 3 101 1149 5.48
8 127 3 101 6409 5.48
9 127 3 101 1462 5.48
10 127 3 101 2379 5.48
11 127 3 101 2391 5.48
12 127 3 101 4783 5.48
13 127 3 101 1783 5.48
14 127 3 101 15033 5.48
15 127 3 101 196 5.48
16 127 3 101 1091 5.48
17 127 3 101 410 5.48
18 127 3 101 3596 5.48
19 127 3 101 464 5.48
20 127 3 101 49400 5.48
21 127 3 101 63342 5.48
22 127 3 101 7692 5.48
23 127 3 101 5620 5.48
24 127 3 101 5294 5.48
25 127 3 101 2972 5.48
26 127 3 101 2436 5.48
27 127 3 101 2515 5.48
28 127 3 101 2521 5.48
29 127 3 101 10417 5.48
30 127 3 101 1246 5.48
31 127 3 101 2336 5.48
32 96 4 100 80000 5.40
33 97 4 100 100000 5.40
34 98 4 100 120000 5.40
35 99 4 100 90000 5.40
36 100 4 100 90000 5.40
37 101 4 100 120000 5.40
38 102 4 100 120000 5.40
39 103 4 100 120000 5.40
40 104 4 100 80000 5.40
41 105 4 100 90000 5.40
42 106 4 100 90000 5.40
43 107 4 100 110000 5.40
44 108 4 100 90000 5.40
45 109 4 100 80000 5.40
46 110 4 100 80000 5.40
47 111 4 100 110000 5.40
48 112 4 100 90000 5.40
49 113 4 100 100000 5.40
50 114 4 100 120000 5.40
51 115 4 100 80000 5.40
52 116 4 100 100000 5.40
53 117 4 100 120000 5.40
54 118 4 100 100000 5.40
55 119 4 100 110000 5.40
56 120 4 100 120000 5.40
57 121 4 100 110000 5.40
58 122 4 100 80000 5.40
59 123 4 100 90000 5.40
60 124 4 100 80000 5.40
61 125 4 100 90000 5.40
62 126 4 100 100000 5.40
63 127 4 100 80000 5.40
64 0 4 100 110000 5.40
65 1 4 100 80000 5.40
66 2 4 100 80000 5.40
67 3 4 100 80000 5.40
68 4 4 100 80000 5.40
69 5 4 100 100000 5.40
70 6 4 100 90000 5.40
71 7 4 100 110000 5.40
72 8 4 100 100000 5.40
73 9 4 100 110000 5.40
74 10 4 100 80000 5.40
75 11 4 100 80000 5.40
76 12 4 100 110000 5.40
77 13 4 100 80000 5.40
78 14 4 100 80000 5.40
79 15 4 100 80000 5.40
80 16 4 100 120000 5.40
81 17 4 100 80000 5.40
82 18 4 100 110000 5.40
83 19 4 100 120000 5.40
84 20 4 100 100000 5.40
85 21 4 100 100000 5.40
86 22 4 100 90000 5.40
87 23 4 100 110000 5.40
88 24 4 100 100000 5.40
89 25 4 100 80000 5.40
90 26 4 100 90000 5.40
91 27 4 100 90000 5.40
92 28 4 100 100000 5.40
93 29 4 100 100000 5.40
94 30 4 100 90000 5.40
95 31 4 100 100000 5.40
0 116 3 101 2118 5.45
1 116 3 101 56 5.45
2 116 3 101 3799 5.45
3 116 3 101 2145 5.45
4 116 3 101 3076 5.45
5 116 3 101 8149 5.45
6 116 3 101 3847 5.45
7 116 3 101 32829 5.45
8 116 3 101 17180 5.45
9 116 3 101 1508 5.45
10 116 3 101 22242 5.45
11 116 3 101 974 5.45
12 116 3 101 12060 5.45
13 116 3 101 618 5.45
14 116 3 101 1690 5.45
15 116 3 101 318 5.45
16 116 3 101 418 5.45
17 116 3 101 6841 5.45
18 116 3 101 6963 5.45
19 116 3 101 5072 5.45
20 116 3 101 2349 5.45
21 116 3 101 1753 5.45
22 116 3 101 1306 5.45
23 116 3 101 18204 5.45
24 116 3 101 4383 5.45
25 116 3 101 14114 5.45
26 116 3 101 691 5.45
27 116 3 101 509 5.45
28 116 3 101 6338 5.45
29 116 3 101 290 5.45
30 116 3 101 3155 5.45
31 116 3 101 11952 5.45
0 107 3 101 1231 5.74
1 107 3 101 45198 5.74
2 107 3 101 128 5.74
3 107 3 101 9918 5.74
4 107 3 101 5027 5.74
5 107 3 101 1108 5.74
6 107 3 101 4337 5.74
7 107 3 101 4536 5.74
8 107 3 101 3324 5.74
9 107 3 101 3608 5.74
10 107 3 101 4628 5.74
11 107 3 101 6226 5.74
12 107 3 101 2199 5.74
13 107 3 101 3598 5.74
14 107 3 101 30564 5.74
15 107 3 101 3422 5.74
16 107 3 101 2157 5.74
17 107 3 101 3300 5.74
18 107 3 101 1180 5.74
19 107 3 101 1100 5.74
20 107 3 101 354 5.74
21 107 3 101 32246 5.74
22 107 3 101 2195 5.74
23 107 3 101 3453 5.74
24 107 3 101 367 5.74
25 107 3 101 2974 5.74
26 107 3 101 4977 5.74
27 107 3 101 2906 5.74
28 107 3 101 939 5.74
29 107 3 101 965 5.74
30 107 3 101 3620 5.74
31 107 3 101 453 5.74
32 96 4 100 110000 5.50
33 97 4 100 120000 5.50
34 98 4 100 100000 5.50
35 99 4 100 120000 5.50
36 100 4 100 100000 5.50
37 101 4 100 90000 5.50
38 102 4 100 100000 5.50
39 103 4 100 80000 5.50
40 104 4 100 120000 5.50
41 105 4 100 120000 5.50
42 106 4 100 90000 5.50
43 107 4 100 90000 5.50
44 108 4 100 100000 5.50
45 109 4 100 90000 5.50
46 110 4 100 110000 5.50
47 111 4 100 80000 5.50
48 112 4 100 90000 5.50
49 113 4 100 90000 5.50
50 114 4 100 90000 5.50
51 115 4 100 90000 5.50
52 116 4 100 100000 5.50
53 117 4 100 90000 5.50
54 118 4 100 120000 5.50
55 119 4 100 110000 5.50
56 120 4 100 110000 5.50
57 121 4 100 110000 5.50
58 122 4 100 80000 5.50
59 123 4 100 90000 5.50
60 124 4 100 120000 5.50
61 125 4 100 100000 5.50
62 126 4 100 100000 5.50
63 127 4 100 110000 5.50
64 0 4 100 100000 5.50
65 1 4 100 100000 5.50
66 2 4 100 120000 5.50
67 3 4 100 110000 5.50
68 4 4 100 120000 5.50
69 5 4 100 110000 5.50
70 6 4 100 110000 5.50
71 7 4 100 120000 5.50
72 8 4 100 120000 5.50
73 9 4 100 100000 5.50
74 10 4 100 80000 5.50
75 11 4 100 120000 5.50
76 12 4 100 90000 5.50
77 13 4 100 120000 5.50
78 14 4 100 90000 5.50
79 15 4 100 110000 5.50
80 16 4 100 100000 5.50
81 17 4 100 80000 5.50
82 18 4 100 90000 5.50
83 19 4 100 120000 5.50
84 20 4 100 90000 5.50
85 21 4 100 80000 5.50
86 22 4 100 90000 5.50
87 23 4 100 80000 5.50
88 24 4 100 110000 5.50
89 25 4 100 80000 5.50
90 26 4 100 120000 5.50
91 27 4 100 120000 5.50
92 28 4 100 110000 5.50
93 29 4 100 110000 5.50
94 30 4 100 100000 5.50
95 31 4 100 90000 5.50
0 115 3 101 649 5.58
1 115 3 101 8210 5.58
2 115 3 101 3905 5.58
3 115 3 101 104 5.58
4 115 3 101 535 5.58
5 115 3 101 4337 5.58
6 115 3 101 42498 5.58
7 115 3 101 2450 5.58
8 115 3 101 1567 5.58
9 115 3 101 5372 5.58
10 115 3 101 14248 5.58
11 115 3 101 932 5.58
12 115 3 101 21591 5.58
13 115 3 101 1480 5.58
14 115 3 101 9074 5.58
15 115 3 101 508 5.58
16 115 3 101 28641 5.58
17 115 3 101 3726 5.58
18 115 3 101 2663 5.58
19 115 3 101 5935 5.58
20 115 3 101 846 5.58
21 115 3 101 2182 5.58
22 115 3 101 649 5.58
23 115 3 101 729 5.58
24 115 3 101 1974 5.58
25 115 3 101 9985 5.58
26 115 3 101 60 5.58
27 115 3 101 608 5.58
28 115 3 101 1830 5.58
29 115 3 101 9181 5.58
30 115 3 101 3740 5.58
31 115 3 101 973 5.58
0 118 3 101 520 5.69
1 118 3 101 11179 5.69
2 118 3 101 4980 5.69
3 118 3 101 4814 5.69
4 118 3 101 10290 5.69
5 118 3 101 2494 5.69
6 118 3 101 12924 5.69
7 118 3 101 4099 5.69
8 118 3 101 111 5.69
9 118 3 101 1998 5.69
10 118 3 101 15297 5.69
11 118 3 101 32 5.69
12 118 3 101 1263 5.69
13 118 3 101 6962 5.69
14 118 3 101 1698 5.69
15 118 3 101 1055 5.69
16 118 3 101 1362 5.69
17 118 3 101 8596 5.69
18 118 3 101 3911 5.69
19 118 3 101 962 5.69
20 118 3 101 397 5.69
21 118 3 101 3750 5.69
22 118 3 101 7117 5.69
23 118 3 101 546 5.69
24 118 3 101 1044 5.69
25 118 3 101 1822 5.69
26 118 3 101 539 5.69
27 118 3 101 11222 5.69
28 118 3 101 1164 5.69
29 118 3 101 19893 5.69
30 118 3 101 2252 5.69
31 118 3 101 504 5.69
32 96 4 100 120000 5.60
33 97 4 100 80000 5.60
34 98 4 100 80000 5.60
35 99 4 100 80000 5.60
36 100 4 100 120000 5.60
37 101 4 100 100000 5.60
38 102 4 100 90000 5.60
39 103 4 100 80000 5.60
40 104 4 100 100000 5.60
41 105 4 100 90000 5.60
42 106 4 100 110000 5.60
43 107 4 100 100000 5.60
44 108 4 100 100000 5.60
45 109 4 100 120000 5.60
46 110 4 100 100000 5.60
47 111 4 100 120000 5.60
48 112 4 100 120000 5.60
49 113 4 100 100000 5.60
50 114 4 100 80000 5.60
51 115 4 100 90000 5.60
52 116 4 100 110000 5.60
53 117 4 100 120000 5.60
54 118 4 100 80000 5.60
55 119 4 100 100000 5.60
56 120 4 100 110000 5.60
57 121 4 100 80000 5.60
58 122 4 100 100000 5.60
59 123 4 100 120000 5.60
60 124 4 100 110000 5.60
61 125 4 100 100000 5.60
62 126 4 100 100000 5.60
63 127 4 100 80000 5.60
64 0 4 100 90000 5.60
65 1 4 100 80000 5.60
66 2 4 100 90000 5.60
67 3 4 100 80000 5.60
68 4 4 100 90000 5.60
69 5 4 100 80000 5.60
70 6 4 100 90000 5.60
71 7 4 100 90000 5.60
72 8 4 100 110000 5.60
73 9 4 100 90000 5.60
74 10 4 100 110000 5.60
75 11 4 100 90000 5.60
76 12 4 100 80000 5.60
77 13 4 100 120000 5.60
78 14 4 100 120000 5.60
79 15 4 100 120000 5.60
80 16 4 100 100000 5.60
81 17 4 100 100000 5.60
82 18 4 100 120000 5.60
83 19 4 100 80000 5.60
84 20 4 100 80000 5.60
85 21 4 100 80000 5.60
86 22 4 100 80000 5.60
87 23 4 100 80000 5.60
88 24 4 100 90000 5.60
89 25 4 100 90000 5.60
90 26 4 100 110000 5.60
91 27 4 100 110000 5.60
92 28 4 100 110000 5.60
93 29 4 100 100000 5.60
94 30 4 100 90000 5.60
95 31 4 100 90000 5.60
0 99 3 101 2957 5.70
1 99 3 101 4893 5.70
2 99 3 101 115 5.70
3 99 3 101 6864 5.70
4 99 3 101 1326 5.70
5 99 3 101 1605 5.70
6 99 3 101 3801 5.70
7 99 3 101 846 5.70
8 99 3 101 1613 5.70
9 99 3 101 2356 5.70
10 99 3 101 5770 5.70
11 99 3 101 25551 5.70
12 99 3 101 10366 5.70
13 99 3 101 15619 5.70
14 99 3 101 4332 5.70
15 99 3 101 6404 5.70
16 99 3 101 642 5.70
17 99 3 101 457 5.70
18 99 3 101 21067 5.70
19 99 3 101 454 5.70
20 99 3 101 4200 5.70
21 99 3 101 3705 5.70
22 99 3 101 3369 5.70
23 99 3 101 478 5.70
24 99 3 101 5568 5.70
25 99 3 101 15555 5.70
26 99 3 101 8048 5.70
27 99 3 101 7781 5.70
28 99 3 101 73246 5.70
29 99 3 101 11884 5.70
30 99 3 101 2747 5.70
31 99 3 101 3919 5.70
0 101 3 101 36107 5.91
1 101 3 101 7783 5.91
2 101 3 101 491665 5.91
3 101 3 101 5 5.91
4 101 3 101 137 5.91
5 101 3 101 10448 5.91
6 101 3 101 7065 5.91
7 101 3 101 36130 5.91
8 101 3 101 6973 5.91
9 101 3 101 23045 5.91
10 101 3 101 6531 5.91
11 101 3 101 2280 5.91
12 101 3 101 32255 5.91
13 101 3 101 10463 5.91
14 101 3 101 1014 5.91
15 101 3 101 783 5.91
16 101 3 101 6228 5.91
17 101 3 101 7312 5.91
18 101 3 101 6926 5.91
19 101 3 101 367 5.91
20 101 3 101 2109 5.91
21 101 3 101 7931 5.91
22 101 3 101 5755 5.91
23 101 3 101 7477 5.91
24 101 3 101 694 5.91
25 101 3 101 14509 5.91
26 101 3 101 769 5.91
27 101 3 101 9322 5.91
28 101 3 101 113 5.91
29 101 3 101 2063 5.91
30 101 3 101 1417 5.91
31 101 3 101 52320 5.91
32 96 4 100 80000 5.70
33 97 4 100 120000 5.70
34 98 4 100 90000 5.70
35 99 4 100 90000 5.70
36 100 4 100 100000 5.70
37 101 4 100 110000 5.70
38 102 4 100 80000 5.70
39 103 4 100 110000 5.70
40 104 4 100 110000 5.70
41 105 4 100 100000 5.70
42 106 4 100 80000 5.70
43 107 4 100 110000 5.70
44 108 4 100 80000 5.70
45 109 4 100 100000 5.70
46 110 4 100 120000 5.70
47 111 4 100 80000 5.70
48 112 4 100 90000 5.70
49 113 4 100 90000 5.70
50 114 4 100 90000 5.70
51 115 4 100 80000 5.70
52 116 4 100 90000 5.70
53 117 4 100 100000 5.70
54 118 4 100 100000 5.70
55 119 4 100 90000 5.70
56 120 4 100 80000 5.70
57 121 4 100 110000 5.70
58 122 4 100 110000 5.70
59 123 4 100 80000 5.70
60 124 4 100 90000 5.70
61 125 4 100 100000 5.70
62 126 4 100 80000 5.70
63 127 4 100 100000 5.70
64 0 4 100 110000 5.70
65 1 4 100 90000 5.70
66 2 4 100 90000 5.70
67 3 4 100 90000 5.70
68 4 4 100 110000 5.70
69 5 4 100 110000 5.70
70 6 4 100 90000 5.70
71 7 4 100 100000 5.70
72 8 4 100 80000 5.70
73 9 4 100 110000 5.70
74 10 4 100 80000 5.70
75 11 4 100 100000 5.70
76 12 4 100 110000 5.70
77 13 4 100 80000 5.70
78 14 4 100 110000 5.70
79 15 4 100 90000 5.70
80 16 4 100 90000 5.70
81 17 4 100 100000 5.70
82 18 4 100 110000 5.70
83 19 4 100 80000 5.70
84 20 4 100 110000 5.70
85 21 4 100 80000 5.70
86 22 4 100 100000 5.70
87 23 4 100 90000 5.70
88 24 4 100 80000 5.70
89 25 4 100 120000 5.70
90 26 4 100 100000 5.70
91 27 4 100 80000 5.70
92 28 4 100 80000 5.70
93 29 4 100 100000 5.70
94 30 4 100 90000 5.70
95 31 4 100 120000 5.70
0 101 3 101 812 5.71
1 101 3 101 28503 5.71
2 101 3 101 353 5.71
3 101 3 101 1371 5.71
4 101 3 101 2866 5.71
5 101 3 101 5559 5.71
6 101 3 101 13906 5.71
7 101 3 101 4179 5.71
8 101 3 101 5765 5.71
9 101 3 101 2328 5.71
10 101 3 101 3259 5.71
11 101 3 101 3054 5.71
12 101 3 101 1945 5.71
13 101 3 101 1325 5.71
14 101 3 101 1375 5.71
15 101 3 101 3082 5.71
16 101 3 101 2462 5.71
17 101 3 101 3082 5.71
18 101 3 101 368 5.71
19 101 3 101 1152 5.71
20 101 3 101 2957 5.71
21 101 3 101 14247 5.71
22 101 3 101 1486 5.71
23 101 3 101 19356 5.71
24 101 3 101 3685 5.71
25 101 3 101 15778 5.71
26 101 3 101 6626 5.71
27 101 3 101 4937 5.71
28 101 3 101 1835 5.71
29 101 3 101 7993 5.71
30 101 3 101 73424 5.71
31 101 3 101 1250 5.71
0 123 3 101 791 5.75
1 123 3 101 10834 5.75
2 123 3 101 11364 5.75
3 123 3 101 46767 5.75
4 123 3 101 2670 5.75
5 123 3 101 1403 5.75
6 123 3 101 4386 5.75
7 123 3 101 2877 5.75
8 123 3 101 6003 5.75
9 123 3 101 5400 5.75
10 123 3 101 4654 5.75
11 123 3 101 2043 5.75
12 123 3 101 1430 5.75
13 123 3 101 28283 5.75
14 123 3 101 4949 5.75
15 123 3 101 3210 5.75
16 123 3 101 14444 5.75
17 123 3 101 1452 5.75
18 123 3 101 10930 5.75
19 123 3 101 4925 5.75
20 123 3 101 3158 5.75
21 123 3 101 1584 5.75
22 123 3 101 18554 5.75
23 123 3 101 5324 5.75
24 123 3 101 12901 5.75
25 123 3 101 624 5.75
26 123 3 101 840 5.75
27 123 3 101 535 5.75
28 123 3 101 467 5.75
29 123 3 101 2670 5.75
30 123 3 101 1008 5.75
31 123 3 101 1028 5.75
0 108 3 101 1054 5.76
1 108 3 101 17807 5.76
2 108 3 101 43115 5.76
3 108 3 101 4473 5.76
4 108 3 101 8875 5.76
5 108 3 101 27281 5.76
6 108 3 101 6251 5.76
7 108 3 101 550 5.76
8 108 3 101 15500 5.76
9 108 3 101 2358 5.76
10 108 3 101 4274 5.76
11 108 3 101 3318 5.76
12 108 3 101 1096 5.76
13 108 3 101 3243 5.76
14 108 3 101 10609 5.76
15 108 3 101 182 5.76
16 108 3 101 23542 5.76
17 108 3 101 417 5.76
18 108 3 101 198 5.76
19 108 3 101 1161 5.76
20 108 3 101 2619 5.76
21 108 3 101 4736 5.76
22 108 3 101 216 5.76
23 108 3 101 4842 5.76
24 108 3 101 596 5.76
25 108 3 101 146 5.76
26 108 3 101 9584 5.76
27 108 3 101 13492 5.76
28 108 3 101 16878 5.76
29 108 3 101 3287 5.76
30 108 3 101 10769 5.76
31 108 3 101 6132 5.76
0 117 3 101 418 5.79
1 117 3 101 4875 5.79
2 117 3 101 4676 5.79
3 117 3 101 546 5.79
4 117 3 101 2765 5.79
5 117 3 101 1775 5.79
6 117 3 101 3986 5.79
7 117 3 101 2481 5.79
8 117 3 101 4087 5.79
9 117 3 101 906 5.79
10 117 3 101 372 5.79
11 117 3 101 5617 5.79
12 117 3 101 4720 5.79
13 117 3 101 15450 5.79
14 117 3 101 1915 5.79
15 117 3 101 1298 5.79
16 117 3 101 3891 5.79
17 117 3 101 1458 5.79
18 117 3 101 2315 5.79
19 117 3 101 1732 5.79
20 117 3 101 6001 5.79
21 117 3 101 4738 5.79
22 117 3 101 180 5.79
23 117 3 101 1964 5.79
24 117 3 101 10551 5.79
25 117 3 101 3262 5.79
26 117 3 101 1463 5.79
27 117 3 101 200 5.79
28 117 3 101 3528 5.79
29 117 3 101 20 5.79
30 117 3 101 1285 5.79
31 117 3 101 28378 5.79
0 108 3 101 1772 5.82
1 108 3 101 3934 5.82
2 108 3 101 98747 5.82
3 108 3 101 5234 5.82
4 108 3 101 35 5.82
5 108 3 101 5020 5.82
6 108 3 101 274 5.82
7 108 3 101 16438 5.82
8 108 3 101 302 5.82
9 108 3 101 16128 5.82
10 108 3 101 6256 5.82
11 108 3 101 336 5.82
12 108 3 101 13769 5.82
13 108 3 101 12187 5.82
14 108 3 101 1187 5.82
15 108 3 101 64921 5.82
16 108 3 101 1202 5.82
17 108 3 101 15601 5.82
18 108 3 101 4064 5.82
19 108 3 101 8781 5.82
20 108 3 101 6168 5.82
21 108 3 101 1252 5.82
22 108 3 101 2309 5.82
23 108 3 101 619 5.82
24 108 3 101 10136 5.82
25 108 3 101 6368 5.82
26 108 3 101 6931 5.82
27 108 3 101 2710 5.82
28 108 3 101 9289 5.82
29 108 3 101 8883 5.82
30 108 3 101 8537 5.82
31 108 3 101 4975 5.82
32 96 4 100 80000 5.80
33 97 4 100 110000 5.80
34 98 4 100 100000 5.80
35 99 4 100 110000 5.80
36 100 4 100 80000 5.80
37 101 4 100 100000 5.80
38 102 4 100 100000 5.80
39 103 4 100 100000 5.80
40 104 4 100 110000 5.80
41 105 4 100 120000 5.80
42 106 4 100 110000 5.80
43 107 4 100 100000 5.80
44 108 4 100 90000 5.80
45 109 4 100 90000 5.80
46 110 4 100 100000 5.80
47 111 4 100 120000 5.80
48 112 4 100 110000 5.80
49 113 4 100 80000 5.80
50 114 4 100 80000 5.80
51 115 4 100 110000 5.80
52 116 4 100 90000 5.80
53 117 4 100 120000 5.80
54 118 4 100 80000 5.80
55 119 4 100 100000 5.80
56 120 4 100 100000 5.80
57 121 4 100 100000 5.80
58 122 4 100 110000 5.80
59 123 4 100 80000 5.80
60 124 4 100 80000 5.80
61 125 4 100 110000 5.80
62 126 4 100 100000 5.80
63 127 4 100 80000 5.80
64 0 4 100 120000 5.80
65 1 4 100 120000 5.80
66 2 4 100 100000 5.80
67 3 4 100 80000 5.80
68 4 4 100 110000 5.80
69 5 4 100 90000 5.80
70 6 4 100 110000 5.80
71 7 4 100 100000 5.80
72 8 4 100 100000 5.80
73 9 4 100 110000 5.80
74 10 4 100 100000 5.80
75 11 4 100 90000 5.80
76 12 4 100 80000 5.80
77 13 4 100 120000 5.80
78 14 4 100 100000 5.80
79 15 4 100 100000 5.80
80 16 4 100 100000 5.80
81 17 4 100 110000 5.80
82 18 4 100 100000 5.80
83 19 4 100 100000 5.80
84 20 4 100 120000 5.80
85 21 4 100 100000 5.80
86 22 4 100 110000 5.80
87 23 4 100 110000 5.80
88 24 4 100 120000 5.80
89 25 4 100 100000 5.80
90 26 4 100 100000 5.80
91 27 4 100 80000 5.80
92 28 4 100 120000 5.80
93 29 4 100 90000 5.80
94 30 4 100 90000 5.80
95 31 4 100 80000 5.80
0 121 3 101 51076 5.82
1 121 3 101 4162 5.82
2 121 3 101 1764 5.82
3 121 3 101 528 5.82
4 121 3 101 11752 5.82
5 121 3 101 1225 5.82
6 121 3 101 875 5.82
7 121 3 101 15852 5.82
8 121 3 101 35675 5.82
9 121 3 101 741 5.82
10 121 3 101 2235 5.82
11 121 3 101 27383 5.82
12 121 3 101 5255 5.82
13 121 3 101 5738 5.82
14 121 3 101 2829 5.82
15 121 3 101 4887 5.82
16 121 3 101 1118 5.82
17 121 3 101 734 5.82
18 121 3 101 4227 5.82
19 121 3 101 433 5.82
20 121 3 101 13389 5.82
21 121 3 101 2015 5.82
22 121 3 101 3779 5.82
23 121 3 101 14555 5.82
24 121 3 101 6324 5.82
25 121 3 101 3019 5.82
26 121 3 101 2997 5.82
27 121 3 101 2124 5.82
28 121 3 101 284 5.82
29 121 3 101 7265 5.82
30 121 3 101 5136 5.82
31 121 3 101 4768 5.82
0 99 3 101 1568 6.04
1 99 3 101 5058 6.04
2 99 3 101 246 6.04
3 99 3 101 2265 6.04
4 99 3 101 17950 6.04
5 99 3 101 5379 6.04
6 99 3 101 3182 6.04
7 99 3 101 1654 6.04
8 99 3 101 1740 6.04
9 99 3 101 3123 6.04
10 99 3 101 5274 6.04
11 99 3 101 4186 6.04
12 99 3 101 1356 6.04
13 99 3 101 7304 6.04
14 99 3 101 354 6.04
15 99 3 101 960 6.04
16 99 3 101 9019 6.04
17 99 3 101 4934 6.04
18 99 3 101 9429 6.04
19 99 3 101 3651 6.04
20 99 3 101 18319 6.04
21 99 3 101 849 6.04
22 99 3 101 33794 6.04
23 99 3 101 8083 6.04
24 99 3 101 3447 6.04
25 99 3 101 8020 6.04
26 99 3 101 2217 6.04
27 99 3 101 28728 6.04
28 99 3 101 1039 6.04
29 99 3 101 2485 6.04
30 99 3 101 28205 6.04
31 99 3 101 5289 6.04
32 96 4 100 80000 5.90
33 97 4 100 100000 5.90
34 98 4 100 90000 5.90
35 99 4 100 120000 5.90
36 100 4 100 100000 5.90
37 101 4 100 100000 5.90
38 102 4 100 100000 5.90
39 103 4 100 120000 5.90
40 104 4 100 90000 5.90
41 105 4 100 100000 5.90
42 106 4 100 80000 5.90
43 107 4 100 80000 5.90
44 108 4 100 120000 5.90
45 109 4 100 80000 5.90
46 110 4 100 120000 5.90
47 111 4 100 80000 5.90
48 112 4 100 120000 5.90
49 113 4 100 80000 5.90
50 114 4 100 100000 5.90
51 115 4 100 100000 5.90
52 116 4 100 100000 5.90
53 117 4 100 100000 5.90
54 118 4 100 120000 5.90
55 119 4 100 120000 5.90
56 120 4 100 100000 5.90
57 121 4 100 100000 5.90
58 122 4 100 120000 5.90
59 123 4 100 120000 5.90
60 124 4 100 90000 5.90
61 125 4 100 90000 5.90
62 126 4 100 110000 5.90
63 127 4 100 90000 5.90
64 0 4 100 90000 5.90
65 1 4 100 80000 5.90
66 2 4 100 110000 5.90
67 3 4 100 80000 5.90
68 4 4 100 100000 5.90
69 5 4 100 120000 5.90
70 6 4 100 90000 5.90
71 7 4 100 120000 5.90
72 8 4 100 110000 5.90
73 9 4 100 90000 5.90
74 10 4 100 120000 5.90
75 11 4 100 90000 5.90
76 12 4 100 80000 5.90
77 13 4 100 90000 5.90
78 14 4 100 80000 5.90
79 15 4 100 100000 5.90
80 16 4 100 120000 5.90
81 17 4 100 100000 5.90
82 18 4 100 110000 5.90
83 19 4 100 80000 5.90
84 20 4 100 100000 5.90
85 21 4 100 110000 5.90
86 22 4 100 100000 5.90
87 23 4 100 120000 5.90
88 24 4 100 90000 5.90
89 25 4 100 90000 5.90
90 26 4 100 120000 5.90
91 27 4 100 90000 5.90
92 28 4 100 110000 5.90
93 29 4 100 110000 5.90
94 30 4 100 80000 5.90
95 31 4 100 110000 5.90
0 118 3 101 6260 5.91
1 118 3 101 3084 5.91
2 118 3 101 3112 5.91
3 118 3 101 6849 5.91
4 118 3 101 29105 5.91
5 118 3 101 4569 5.91
6 118 3 101 2643 5.91
7 118 3 101 11765 5.91
8 118 3 101 5202 5.91
9 118 3 101 455 5.91
10 118 3 101 238 5.91
11 118 3 101 14483 5.91
12 118 3 101 47135 5.91
13 118 3 101 1881 5.91
14 118 3 101 948 5.91
15 118 3 101 2975 5.91
16 118 3 101 2566 5.91
17 118 3 101 1923 5.91
18 118 3 101 37657 5.91
19 118 3 101 9381 5.91
20 118 3 101 3358 5.91
21 118 3 101 5238 5.91
22 118 3 101 10546 5.91
23 118 3 101 35177 5.91
24 118 3 101 2413 5.91
25 118 3 101 8947 5.91
26 118 3 101 5084 5.91
27 118 3 101 3341 5.91
28 118 3 101 2221 5.91
29 118 3 101 8933 5.91
30 118 3 101 1746 5.91
31 118 3 101 1008 5.91
0 127 3 101 717 6.00
1 127 3 101 7304 6.00
2 127 3 101 2363 6.00
3 127 3 101 4847 6.00
4 127 3 101 4733 6.00
5 127 3 101 3508 6.00
6 127 3 101 17435 6.00
7 127 3 101 434 6.00
8 127 3 101 19175 6.00
9 127 3 101 328 6.00
10 127 3 101 1684 6.00
11 127 3 101 24023 6.00
12 127 3 101 6977 6.00
13 127 3 101 2554 6.00
14 127 3 101 3668 6.00
15 127 3 101 19304 6.00
16 127 3 101 2806 6.00
17 127 3 101 20095 6.00
18 127 3 101 3273 6.00
19 127 3 101 530 6.00
20 127 3 101 2220 6.00
21 127 3 101 1327 6.00
22 127 3 101 7559 6.00
23 127 3 101 1728 6.00
24 127 3 101 26308 6.00
25 127 3 101 26052 6.00
26 127 3 101 7850 6.00
27 127 3 101 2114 6.00
28 127 3 101 2779 6.00
29 127 3 101 28002 6.00
30 127 3 101 14230 6.00
31 127 3 101 7827 6.00
32 96 4 100 110000 6.00
33 97 4 100 90000 6.00
34 98 4 100 90000 6.00
35 99 4 100 120000 6.00
36 100 4 100 80000 6.00
37 101 4 100 80000 6.00
38 102 4 100 80000 6.00
39 103 4 100 80000 6.00
40 104 4 100 90000 6.00
41 105 4 100 100000 6.00
42 106 4 100 110000 6.00
43 107 4 100 120000 6.00
44 108 4 100 90000 6.00
45 109 4 100 120000 6.00
46 110 4 100 90000 6.00
47 111 4 100 110000 6.00
48 112 4 100 80000 6.00
49 113 4 100 120000 6.00
50 114 4 100 90000 6.00
51 115 4 100 110000 6.00
52 116 4 100 110000 6.00
53 117 4 100 80000 6.00
54 118 4 100 100000 6.00
55 119 4 100 100000 6.00
56 120 4 100 90000 6.00
57 121 4 100 110000 6.00
58 122 4 100 90000 6.00
59 123 4 100 120000 6.00
60 124 4 100 110000 6.00
61 125 4 100 80000 6.00
62 126 4 100 80000 6.00
63 127 4 100 80000 6.00
64 0 4 100 110000 6.00
65 1 4 100 100000 6.00
66 2 4 100 80000 6.00
67 3 4 100 120000 6.00
68 4 4 100 100000 6.00
69 5 4 100 120000 6.00
70 6 4 100 120000 6.00
71 7 4 100 100000 6.00
72 8 4 100 120000 6.00
73 9 4 100 100000 6.00
74 10 4 100 110000 6.00
75 11 4 100 120000 6.00
76 12 4 100 90000 6.00
77 13 4 100 100000 6.00
78 14 4 100 90000 6.00
79 15 4 100 80000 6.00
80 16 4 100 110000 6.00
81 17 4 100 100000 6.00
82 18 4 100 80000 6.00
83 19 4 100 90000 6.00
84 20 4 100 100000 6.00
85 21 4 100 90000 6.00
86 22 4 100 80000 6.00
87 23 4 100 120000 6.00
88 24 4 100 120000 6.00
89 25 4 100 120000 6.00
90 26 4 100 120000 6.00
91 27 4 100 120000 6.00
92 28 4 100 110000 6.00
93 29 4 100 100000 6.00
94 30 4 100 100000 6.00
95 31 4 100 110000 6.00
0 104 3 101 4457 6.23
1 104 3 101 1632 6.23
2 104 3 101 2732 6.23
3 104 3 101 99 6.23
4 104 3 101 5633 6.23
5 104 3 101 13947 6.23
6 104 3 101 1115 6.23
7 104 3 101 268 6.23
8 104 3 101 18199 6.23
9 104 3 101 92 6.23
10 104 3 101 990 6.23
11 104 3 101 14103 6.23
12 104 3 101 22229 6.23
13 104 3 101 6060 6.23
14 104 3 101 19995 6.23
15 104 3 101 1478 6.23
16 104 3 101 2528 6.23
17 104 3 101 2509 6.23
18 104 3 101 9828 6.23
19 104 3 101 270 6.23
20 104 3 101 16102 6.23
21 104 3 101 11026 6.23
22 104 3 101 2422 6.23
23 104 3 101 2283 6.23
24 104 3 101 35536 6.23
25 104 3 101 13326 6.23
26 104 3 101 2661 6.23
27 104 3 101 6414 6.23
28 104 3 101 5214 6.23
29 104 3 101 4583 6.23
30 104 3 101 13550 6.23
31 104 3 101 2448 6.23
32 96 4 100 100000 6.10
33 97 4 100 90000 6.10
34 98 4 100 90000 6.10
35 99 4 100 110000 6.10
36 100 4 100 90000 6.10
37 101 4 100 80000 6.10
38 102 4 100 110000 6.10
39 103 4 100 90000 6.10
40 104 4 100 80000 6.10
41 105 4 100 120000 6.10
42 106 4 100 100000 6.10
43 107 4 100 120000 6.10
44 108 4 100 100000 6.10
45 109 4 100 120000 6.10
46 110 4 100 110000 6.10
47 111 4 100 100000 6.10
48 112 4 100 110000 6.10
49 113 4 100 90000 6.10
50 114 4 100 90000 6.10
51 115 4 100 120000 6.10
52 116 4 100 80000 6.10
53 117 4 100 120000 6.10
54 118 4 100 110000 6.10
55 119 4 100 100000 6.10
56 120 4 100 120000 6.10
57 121 4 100 80000 6.10
58 122 4 100 80000 6.10
59 123 4 100 100000 6.10
60 124 4 100 80000 6.10
61 125 4 100 120000 6.10
62 126 4 100 110000 6.10
63 127 4 100 120000 6.10
64 0 4 100 120000 6.10
65 1 4 100 80000 6.10
66 2 4 100 90000 6.10
67 3 4 100 110000 6.10
68 4 4 100 120000 6.10
69 5 4 100 90000 6.10
70 6 4 100 100000 6.10
71 7 4 100 100000 6.10
72 8 4 100 90000 6.10
73 9 4 100 80000 6.10
74 10 4 100 80000 6.10
75 11 4 100 120000 6.10
76 12 4 100 90000 6.10
77 13 4 100 110000 6.10
78 14 4 100 80000 6.10
79 15 4 100 100000 6.10
80 16 4 100 110000 6.10
81 17 4 100 90000 6.10
82 18 4 100 90000 6.10
83 19 4 100 120000 6.10
84 20 4 100 120000 6.10
85 21 4 100 90000 6.10
86 22 4 100 100000 6.10
87 23 4 100 90000 6.10
88 24 4 100 110000 6.10
89 25 4 100 110000 6.10
90 26 4 100 80000 6.10
91 27 4 100 100000 6.10
92 28 4 100 110000 6.10
93 29 4 100 110000 6.10
94 30 4 100 100000 6.10
95 31 4 100 120000 6.10
0 104 3 101 263 6.18
1 104 3 101 661 6.18
2 104 3 101 10368 6.18
3 104 3 101 248 6.18
4 104 3 101 115 6.18
5 104 3 101 1419 6.18
6 104 3 101 51524 6.18
7 104 3 101 697 6.18
8 104 3 101 7825 6.18
9 104 3 101 2124 6.18
10 104 3 101 11655 6.18
11 104 3 101 27270 6.18
12 104 3 101 1784 6.18
13 104 3 101 7209 6.18
14 104 3 101 894 6.18
15 104 3 101 3499 6.18
16 104 3 101 7568 6.18
17 104 3 101 30 6.18
18 104 3 101 6199 6.18
19 104 3 101 2107 6.18
20 104 3 101 419 6.18
21 104 3 101 1771 6.18
22 104 3 101 4120 6.18
23 104 3 101 8715 6.18
24 104 3 101 4732 6.18
25 104 3 101 1651 6.18
26 104 3 101 410 6.18
27 104 3 101 663 6.18
28 104 3 101 6562 6.18
29 104 3 101 6848 6.18
30 104 3 101 10494 6.18
31 104 3 101 1996 6.18
0 110 3 101 3095 6.35
1 110 3 101 2158 6.35
2 110 3 101 6913 6.35
3 110 3 101 16421 6.35
4 110 3 101 11437 6.35
5 110 3 101 3603 6.35
6 110 3 101 9985 6.35
7 110 3 101 428 6.35
8 110 3 101 1314 6.35
9 110 3 101 2515 6.35
10 110 3 101 6134 6.35
11 110 3 101 2092 6.35
12 110 3 101 6781 6.35
13 110 3 101 20498 6.35
14 110 3 101 4774 6.35
15 110 3 101 14572 6.35
16 110 3 101 10295 6.35
17 110 3 101 222 6.35
18 110 3 101 2020 6.35
19 110 3 101 7068 6.35
20 110 3 101 3659 6.35
21 110 3 101 17431 6.35
22 110 3 101 2824 6.35
23 110 3 101 8424 6.35
24 110 3 101 3768 6.35
25 110 3 101 1240 6.35
26 110 3 101 178 6.35
27 110 3 101 382 6.35
28 110 3 101 3955 6.35
29 110 3 101 4580 6.35
30 110 3 101 95 6.35
31 110 3 101 2229 6.35
32 96 4 100 110000 6.20
33 97 4 100 90000 6.20
34 98 4 100 120000 6.20
35 99 4 100 90000 6.20
36 100 4 100 90000 6.20
37 101 4 100 120000 6.20
38 102 4 100 90000 6.20
39 103 4 100 80000 6.20
40 104 4 100 110000 6.20
41 105 4 100 90000 6.20
42 106 4 100 90000 6.20
43 107 4 100 110000 6.20
44 108 4 100 90000 6.20
45 109 4 100 100000 6.20
46 110 4 100 110000 6.20
47 111 4 100 80000 6.20
48 112 4 100 80000 6.20
49 113 4 100 100000 6.20
50 114 4 100 90000 6.20
51 115 4 100 90000 6.20
52 116 4 100 90000 6.20
53 117 4 100 120000 6.20
54 118 4 100 90000 6.20
55 119 4 100 80000 6.20
56 120 4 100 110000 6.20
57 121 4 100 110000 6.20
58 122 4 100 120000 6.20
59 123 4 100 120000 6.20
60 124 4 100 90000 6.20
61 125 4 100 90000 6.20
62 126 4 100 90000 6.20
63 127 4 100 100000 6.20
64 0 4 100 110000 6.20
65 1 4 100 110000 6.20
66 2 4 100 80000 6.20
67 3 4 100 110000 6.20
68 4 4 100 80000 6.20
69 5 4 100 110000 6.20
70 6 4 100 100000 6.20
71 7 4 100 90000 6.20
72 8 4 100 120000 6.20
73 9 4 100 120000 6.20
74 10 4 100 90000 6.20
75 11 4 100 120000 6.20
76 12 4 100 100000 6.20
77 13 4 100 90000 6.20
78 14 4 100 110000 6.20
79 15 4 100 80000 6.20
80 16 4 100 80000 6.20
81 17 4 100 120000 6.20
82 18 4 100 90000 6.20
83 19 4 100 100000 6.20
84 20 4 100 90000 6.20
85 21 4 100 90000 6.20
86 22 4 100 110000 6.20
87 23 4 100 80000 6.20
88 24 4 100 100000 6.20
89 25 4 100 80000 6.20
90 26 4 100 120000 6.20
91 27 4 100 110000 6.20
92 28 4 100 110000 6.20
93 29 4 100 110000 6.20
94 30 4 100 120000 6.20
95 31 4 100 110000 6.20
0 126 3 101 14533 6.35
1 126 3 101 8649 6.35
2 126 3 101 115 6.35
3 126 3 101 3562 6.35
4 126 3 101 891 6.35
5 126 3 101 6113 6.35
6 126 3 101 812 6.35
7 126 3 101 3023 6.35
8 126 3 101 250 6.35
9 126 3 101 52390 6.35
10 126 3 101 3032 6.35
11 126 3 101 634 6.35
12 126 3 101 5125 6.35
13 126 3 101 695 6.35
14 126 3 101 28 6.35
15 126 3 101 3522 6.35
16 126 3 101 580 6.35
17 126 3 101 2409 6.35
18 126 3 101 10431 6.35
19 126 3 101 1318 6.35
20 126 3 101 122 6.35
21 126 3 101 6024 6.35
22 126 3 101 11756 6.35
23 126 3 101 1171 6.35
24 126 3 101 596 6.35
25 126 3 101 31911 6.35
26 126 3 101 46245 6.35
27 126 3 101 1376 6.35
28 126 3 101 561 6.35
29 126 3 101 3698 6.35
30 126 3 101 795 6.35
31 126 3 101 13457 6.35
32 96 4 100 110000 6.30
33 97 4 100 100000 6.30
34 98 4 100 110000 6.30
35 99 4 100 80000 6.30
36 100 4 100 90000 6.30
37 101 4 100 100000 6.30
38 102 4 100 120000 6.30
39 103 4 100 100000 6.30
40 104 4 100 90000 6.30
41 105 4 100 110000 6.30
42 106 4 100 120000 6.30
43 107 4 100 100000 6.30
44 108 4 100 80000 6.30
45 109 4 100 120000 6.30
46 110 4 100 110000 6.30
47 111 4 100 100000 6.30
48 112 4 100 100000 6.30
49 113 4 100 110000 6.30
50 114 4 100 120000 6.30
51 115 4 100 90000 6.30
52 116 4 100 120000 6.30
53 117 4 100 80000 6.30
54 118 4 100 120000 6.30
55 119 4 100 90000 6.30
56 120 4 100 120000 6.30
57 121 4 100 80000 6.30
58 122 4 100 120000 6.30
59 123 4 100 90000 6.30
60 124 4 100 120000 6.30
61 125 4 100 110000 6.30
62 126 4 100 100000 6.30
63 127 4 100 80000 6.30
64 0 4 100 80000 6.30
65 1 4 100 110000 6.30
66 2 4 100 110000 6.30
67 3 4 100 120000 6.30
68 4 4 100 100000 6.30
69 5 4 100 100000 6.30
70 6 4 100 90000 6.30
71 7 4 100 100000 6.30
72 8 4 100 80000 6.30
73 9 4 100 120000 6.30
74 10 4 100 90000 6.30
75 11 4 100 90000 6.30
76 12 4 100 90000 6.30
77 13 4 100 90000 6.30
78 14 4 100 110000 6.30
79 15 4 100 90000 6.30
80 16 4 100 120000 6.30
81 17 4 100 100000 6.30
82 18 4 100 100000 6.30
83 19 4 100 80000 6.30
84 20 4 100 100000 6.30
85 21 4 100 90000 6.30
86 22 4 100 80000 6.30
87 23 4 100 100000 6.30
88 24 4 100 110000 6.30
89 25 4 100 90000 6.30
90 26 4 100 110000 6.30
91 27 4 100 100000 6.30
92 28 4 100 120000 6.30
93 29 4 100 110000 6.30
94 30 4 100 120000 6.30
95 31 4 100 100000 6.30
0 123 3 101 6122 6.40
1 123 3 101 6282 6.40
2 123 3 101 351 6.40
3 123 3 101 4600 6.40
4 123 3 101 4687 6.40
5 123 3 101 113259 6.40
6 123 3 101 8241 6.40
7 123 3 101 5774 6.40
8 123 3 101 2793 6.40
9 123 3 101 7520 6.40
10 123 3 101 980 6.40
11 123 3 101 1164 6.40
12 123 3 101 7992 6.40
13 123 3 101 3855 6.40
14 123 3 101 956 6.40
15 123 3 101 5216 6.40
16 123 3 101 523 6.40
17 123 3 101 1454 6.40
18 123 3 101 27630 6.40
19 123 3 101 166 6.40
20 123 3 101 7266 6.40
21 123 3 101 4592 6.40
22 123 3 101 2624 6.40
23 123 3 101 9349 6.40
24 123 3 101 994 6.40
25 123 3 101 870 6.40
26 123 3 101 19706 6.40
27 123 3 101 3216 6.40
28 123 3 101 11590 6.40
29 123 3 101 14241 6.40
30 123 3 101 8354 6.40
31 123 3 101 8812 6.40
32 96 4 100 100000 6.40
33 97 4 100 110000 6.40
34 98 4 100 120000 6.40
35 99 4 100 100000 6.40
36 100 4 100 90000 6.40
37 101 4 100 100000 6.40
38 102 4 100 80000 6.40
39 103 4 100 80000 6.40
40 104 4 100 100000 6.40
41 105 4 100 120000 6.40
42 106 4 100 100000 6.40
43 107 4 100 120000 6.40
44 108 4 100 120000 6.40
45 109 4 100 90000 6.40
46 110 4 100 90000 6.40
47 111 4 100 110000 6.40
48 112 4 100 110000 6.40
49 113 4 100 110000 6.40
50 114 4 100 100000 6.40
51 115 4 100 100000 6.40
52 116 4 100 120000 6.40
53 117 4 100 90000 6.40
54 118 4 100 90000 6.40
55 119 4 100 110000 6.40
56 120 4 100 90000 6.40
57 121 4 100 100000 6.40
58 122 4 100 110000 6.40
59 123 4 100 100000 6.40
60 124 4 100 100000 6.40
61 125 4 100 80000 6.40
62 126 4 100 80000 6.40
63 127 4 100 100000 6.40
64 0 4 100 80000 6.40
65 1 4 100 90000 6.40
66 2 4 100 110000 6.40
67 3 4 100 80000 6.40
68 4 4 100 120000 6.40
69 5 4 100 120000 6.40
70 6 4 100 90000 6.40
71 7 4 100 100000 6.40
72 8 4 100 110000 6.40
73 9 4 100 80000 6.40
74 10 4 100 120000 6.40
75 11 4 100 80000 6.40
76 12 4 100 100000 6.40
77 13 4 100 110000 6.40
78 14 4 100 90000 6.40
79 15 4 100 120000 6.40
80 16 4 100 120000 6.40
81 17 4 100 100000 6.40
82 18 4 100 100000 6.40
83 19 4 100 120000 6.40
84 20 4 100 120000 6.40
85 21 4 100 90000 6.40
86 22 4 100 110000 6.40
87 23 4 100 110000 6.40
88 24 4 100 80000 6.40
89 25 4 100 80000 6.40
90 26 4 100 110000 6.40
91 27 4 100 90000 6.40
92 28 4 100 110000 6.40
93 29 4 100 110000 6.40
94 30 4 100 80000 6.40
95 31 4 100 110000 6.40
0 127 3 101 784 6.48
1 127 3 101 1521 6.48
2 127 3 101 45 6.48
3 127 3 101 5341 6.48
4 127 3 101 7467 6.48
5 127 3 101 12889 6.48
6 127 3 101 11832 6.48
7 127 3 101 8096 6.48
8 127 3 101 21903 6.48
9 127 3 101 4138 6.48
10 127 3 101 1287 6.48
11 127 3 101 221 6.48
12 127 3 101 4605 6.48
13 127 3 101 6418 6.48
14 127 3 101 4715 6.48
15 127 3 101 7963 6.48
16 127 3 101 32298 6.48
17 127 3 101 4495 6.48
18 127 3 101 6098 6.48
19 127 3 101 12400 6.48
20 127 3 101 1747 6.48
21 127 3 101 1529 6.48
22 127 3 101 5549 6.48
23 127 3 101 28393 6.48
24 127 3 101 1042 6.48
25 127 3 101 8755 6.48
26 127 3 101 2167 6.48
27 127 3 101 1835 6.48
28 127 3 101 18233 6.48
29 127 3 101 2675 6.48
30 127 3 101 6017 6.48
31 127 3 101 2539 6.48
0 127 3 101 6183 6.63
1 127 3 101 588 6.63
2 127 3 101 1090 6.63
3 127 3 101 902 6.63
4 127 3 101 4968 6.63
5 127 3 101 173 6.63
6 127 3 101 2135 6.63
7 127 3 101 259 6.63
8 127 3 101 19638 6.63
9 127 3 101 3201 6.63
10 127 3 101 2424 6.63
11 127 3 101 5283 6.63
12 127 3 101 426 6.63
13 127 3 101 17318 6.63
14 127 3 101 4117 6.63
15 127 3 101 1234 6.63
16 127 3 101 2782 6.63
17 127 3 101 3246 6.63
18 127 3 101 501 6.63
19 127 3 101 478 6.63
20 127 3 101 12246 6.63
21 127 3 101 4850 6.63
22 127 3 101 2671 6.63
23 127 3 101 4765 6.63
24 127 3 101 20194 6.63
25 127 3 101 2072 6.63
26 127 3 101 5415 6.63
27 127 3 101 4664 6.63
28 127 3 101 3861 6.63
29 127 3 101 1328 6.63
30 127 3 101 2919 6.63
31 127 3 101 2382 6.63
32 96 4 100 100000 6.50
33 97 4 100 110000 6.50
34 98 4 100 90000 6.50
35 99 4 100 100000 6.50
36 100 4 100 120000 6.50
37 101 4 100 120000 6.50
38 102 4 100 80000 6.50
39 103 4 100 90000 6.50
40 104 4 100 80000 6.50
41 105 4 100 110000 6.50
42 106 4 100 80000 6.50
43 107 4 100 80000 6.50
44 108 4 100 80000 6.50
45 109 4 100 90000 6.50
46 110 4 100 80000 6.50
47 111 4 100 90000 6.50
48 112 4 100 100000 6.50
49 113 4 100 80000 6.50
50 114 4 100 90000 6.50
51 115 4 100 100000 6.50
52 116 4 100 100000 6.50
53 117 4 100 100000 6.50
54 118 4 100 100000 6.50
55 119 4 100 90000 6.50
56 120 4 100 100000 6.50
57 121 4 100 110000 6.50
58 122 4 100 120000 6.50
59 123 4 100 80000 6.50
60 124 4 100 120000 6.50
61 125 4 100 80000 6.50
62 126 4 100 90000 6.50
63 127 4 100 110000 6.50
64 0 4 100 80000 6.50
65 1 4 100 110000 6.50
66 2 4 100 90000 6.50
67 3 4 100 90000 6.50
68 4 4 100 120000 6.50
69 5 4 100 120000 6.50
70 6 4 100 120000 6.50
71 7 4 100 90000 6.50
72 8 4 100 90000 6.50
73 9 4 100 100000 6.50
74 10 4 100 100000 6.50
75 11 4 100 110000 6.50
76 12 4 100 120000 6.50
77 13 4 100 90000 6.50
78 14 4 100 110000 6.50
79 15 4 100 110000 6.50
80 16 4 100 90000 6.50
81 17 4 100 90000 6.50
82 18 4 100 80000 6.50
83 19 4 100 100000 6.50
84 20 4 100 120000 6.50
85 21 4 100 120000 6.50
86 22 4 100 80000 6.50
87 23 4 100 110000 6.50
88 24 4 100 80000 6.50
89 25 4 100 90000 6.50
90 26 4 100 120000 6.50
91 27 4 100 100000 6.50
92 28 4 100 120000 6.50
93 29 4 100 110000 6.50
94 30 4 100 90000 6.50
95 31 4 100 90000 6.50
0 124 3 101 2953 6.72
1 124 3 101 4035 6.72
2 124 3 101 416 6.72
3 124 3 101 2282 6.72
4 124 3 101 19826 6.72
5 124 3 101 49652 6.72
6 124 3 101 3835 6.72
7 124 3 101 164 6.72
8 124 3 101 4111 6.72
9 124 3 101 20301 6.72
10 124 3 101 6511 6.72
11 124 3 101 818 6.72
12 124 3 101 14708 6.72
13 124 3 101 841 6.72
14 124 3 101 245403 6.72
15 124 3 101 45 6.72
16 124 3 101 19782 6.72
17 124 3 101 242 6.72
18 124 3 101 825 6.72
19 124 3 101 692 6.72
20 124 3 101 24594 6.72
21 124 3 101 19181 6.72
22 124 3 101 4625 6.72
23 124 3 101 3009 6.72
24 124 3 101 2810 6.72
25 124 3 101 497 6.72
26 124 3 101 6956 6.72
27 124 3 101 15527 6.72
28 124 3 101 1380 6.72
29 124 3 101 36468 6.72
30 124 3 101 14862 6.72
31 124 3 101 6441 6.72
32 96 4 100 80000 6.60
33 97 4 100 120000 6.60
34 98 4 100 120000 6.60
35 99 4 100 80000 6.60
36 100 4 100 100000 6.60
37 101 4 100 100000 6.60
38 102 4 100 90000 6.60
39 103 4 100 120000 6.60
40 104 4 100 90000 6.60
41 105 4 100 80000 6.60
42 106 4 100 120000 6.60
43 107 4 100 90000 6.60
44 108 4 100 110000 6.60
45 109 4 100 90000 6.60
46 110 4 100 100000 6.60
47 111 4 100 100000 6.60
48 112 4 100 80000 6.60
49 113 4 100 80000 6.60
50 114 4 100 100000 6.60
51 115 4 100 110000 6.60
52 116 4 100 110000 6.60
53 117 4 100 110000 6.60
54 118 4 100 120000 6.60
55 119 4 100 80000 6.60
56 120 4 100 110000 6.60
57 121 4 100 80000 6.60
58 122 4 100 90000 6.60
59 123 4 100 100000 6.60
60 124 4 100 90000 6.60
61 125 4 100 100000 6.60
62 126 4 100 110000 6.60
63 127 4 100 80000 6.60
64 0 4 100 100000 6.60
65 1 4 100 100000 6.60
66 2 4 100 120000 6.60
67 3 4 100 80000 6.60
68 4 4 100 80000 6.60
69 5 4 100 90000 6.60
70 6 4 100 110000 6.60
71 7 4 100 90000 6.60
72 8 4 100 100000 6.60
73 9 4 100 80000 6.60
74 10 4 100 110000 6.60
75 11 4 100 90000 6.60
76 12 4 100 80000 6.60
77 13 4 100 100000 6.60
78 14 4 100 120000 6.60
79 15 4 100 90000 6.60
80 16 4 100 120000 6.60
81 17 4 100 80000 6.60
82 18 4 100 110000 6.60
83 19 4 100 80000 6.60
84 20 4 100 110000 6.60
85 21 4 100 80000 6.60
86 22 4 100 100000 6.60
87 23 4 100 110000 6.60
88 24 4 100 120000 6.60
89 25 4 100 100000 6.60
90 26 4 100 90000 6.60
91 27 4 100 90000 6.60
92 28 4 100 120000 6.60
93 29 4 100 120000 6.60
94 30 4 100 110000 6.60
95 31 4 100 80000 6.60
0 119 3 101 5310 6.83
1 119 3 101 16037 6.83
2 119 3 101 21620 6.83
3 119 3 101 18373 6.83
4 119 3 101 9187 6.83
5 119 3 101 5046 6.83
6 119 3 101 533 6.83
7 119 3 101 5930 6.83
8 119 3 101 3110 6.83
9 119 3 101 1805 6.83
10 119 3 101 17890 6.83
11 119 3 101 5214 6.83
12 119 3 101 30550 6.83
13 119 3 101 6580 6.83
14 119 3 101 11758 6.83
15 119 3 101 3031 6.83
16 119 3 101 1408 6.83
17 119 3 101 18236 6.83
18 119 3 101 1138 6.83
19 119 3 101 3596 6.83
20 119 3 101 1015 6.83
21 119 3 101 89246 6.83
22 119 3 101 1651 6.83
23 119 3 101 19334 6.83
24 119 3 101 887 6.83
25 119 3 101 356 6.83
26 119 3 101 3789 6.83
27 119 3 101 10559 6.83
28 119 3 101 2316 6.83
29 119 3 101 9417 6.83
30 119 3 101 1742 6.83
31 119 3 101 1074 6.83
32 96 4 100 80000 6.70
33 97 4 100 110000 6.70
34 98 4 100 100000 6.70
35 99 4 100 110000 6.70
36 100 4 100 100000 6.70
37 101 4 100 100000 6.70
38 102 4 100 80000 6.70
39 103 4 100 100000 6.70
40 104 4 100 80000 6.70
41 105 4 100 80000 6.70
42 106 4 100 80000 6.70
43 107 4 100 100000 6.70
44 108 4 100 120000 6.70
45 109 4 100 90000 6.70
46 110 4 100 90000 6.70
47 111 4 100 110000 6.70
48 112 4 100 80000 6.70
49 113 4 100 100000 6.70
50 114 4 100 110000 6.70
51 115 4 100 80000 6.70
52 116 4 100 100000 6.70
53 117 4 100 120000 6.70
54 118 4 100 80000 6.70
55 119 4 100 100000 6.70
56 120 4 100 80000 6.70
57 121 4 100 100000 6.70
58 122 4 100 80000 6.70
59 123 4 100 120000 6.70
60 124 4 100 80000 6.70
61 125 4 100 110000 6.70
62 126 4 100 100000 6.70
63 127 4 100 90000 6.70
64 0 4 100 110000 6.70
65 1 4 100 110000 6.70
66 2 4 100 90000 6.70
67 3 4 100 80000 6.70
68 4 4 100 110000 6.70
69 5 4 100 110000 6.70
70 6 4 100 100000 6.70
71 7 4 100 90000 6.70
72 8 4 100 80000 6.70
73 9 4 100 100000 6.70
74 10 4 100 110000 6.70
75 11 4 100 100000 6.70
76 12 4 100 120000 6.70
77 13 4 100 100000 6.70
78 14 4 100 80000 6.70
79 15 4 100 90000 6.70
80 16 4 100 100000 6.70
81 17 4 100 110000 6.70
82 18 4 100 110000 6.70
83 19 4 100 110000 6.70
84 20 4 100 110000 6.70
85 21 4 100 90000 6.70
86 22 4 100 120000 6.70
87 23 4 100 110000 6.70
88 24 4 100 120000 6.70
89 25 4 100 90000 6.70
90 26 4 100 80000 6.70
91 27 4 100 120000 6.70
92 28 4 100 120000 6.70
93 29 4 100 120000 6.70
94 30 4 100 80000 6.70
95 31 4 100 100000 6.70
0 119 3 101 1297 6.72
1 119 3 101 46674 6.72
2 119 3 101 3319 6.72
3 119 3 101 341 6.72
4 119 3 101 998 6.72
5 119 3 101 6292 6.72
6 119 3 101 16874 6.72
7 119 3 101 233 6.72
8 119 3 101 2399 6.72
9 119 3 101 3542 6.72
10 119 3 101 8408 6.72
11 119 3 101 2287 6.72
12 119 3 101 7160 6.72
13 119 3 101 8616 6.72
14 119 3 101 1172 6.72
15 119 3 101 7578 6.72
16 119 3 101 26235 6.72
17 119 3 101 10357 6.72
18 119 3 101 2451 6.72
19 119 3 101 11674 6.72
20 119 3 101 357 6.72
21 119 3 101 2110 6.72
22 119 3 101 635 6.72
23 119 3 101 31618 6.72
24 119 3 101 1016 6.72
25 119 3 101 7474 6.72
26 119 3 101 8002 6.72
27 119 3 101 828 6.72
28 119 3 101 22090 6.72
29 119 3 101 1425 6.72
30 119 3 101 7373 6.72
31 119 3 101 314 6.72
0 113 3 101 4911 6.74
1 113 3 101 25922 6.74
2 113 3 101 2867 6.74
3 113 3 101 22303 6.74
4 113 3 101 16430 6.74
5 113 3 101 10935 6.74
6 113 3 101 9490 6.74
7 113 3 101 1345 6.74
8 113 3 101 3542 6.74
9 113 3 101 40 6.74
10 113 3 101 3195 6.74
11 113 3 101 13332 6.74
12 113 3 101 254 6.74
13 113 3 101 21969 6.74
14 113 3 101 2985 6.74
15 113 3 101 821 6.74
16 113 3 101 1228 6.74
17 113 3 101 855 6.74
18 113 3 101 5422 6.74
19 113 3 101 657 6.74
20 113 3 101 362 6.74
21 113 3 101 1243 6.74
22 113 3 101 9959 6.74
23 113 3 101 1723 6.74
24 113 3 101 51750 6.74
25 113 3 101 749 6.74
26 113 3 101 8047 6.74
27 113 3 101 733 6.74
28 113 3 101 610 6.74
29 113 3 101 12580 6.74
30 113 3 101 6939 6.74
31 113 3 101 1342 6.74
0 110 3 101 19417 6.85
1 110 3 101 29101 6.85
2 110 3 101 19946 6.85
3 110 3 101 4962 6.85
4 110 3 101 63379 6.85
5 110 3 101 2819 6.85
6 110 3 101 5840 6.85
7 110 3 101 4776 6.85
8 110 3 101 31939 6.85
9 110 3 101 2387 6.85
10 110 3 101 2721 6.85
11 110 3 101 42388 6.85
12 110 3 101 1100 6.85
13 110 3 101 11247 6.85
14 110 3 101 647 6.85
15 110 3 101 1732 6.85
16 110 3 101 4563 6.85
17 110 3 101 1617 6.85
18 110 3 101 13637 6.85
19 110 3 101 7696 6.85
20 110 3 101 30489 6.85
21 110 3 101 21332 6.85
22 110 3 101 7882 6.85
23 110 3 101 5186 6.85
24 110 3 101 2928 6.85
25 110 3 101 14802 6.85
26 110 3 101 219 6.85
27 110 3 101 9749 6.85
28 110 3 101 7259 6.85
29 110 3 101 16905 6.85
30 110 3 101 3076 6.85
31 110 3 101 25035 6.85
32 96 4 100 120000 6.80
33 97 4 100 80000 6.80
34 98 4 100 90000 6.80
35 99 4 100 120000 6.80
36 100 4 100 100000 6.80
37 101 4 100 120000 6.80
38 102 4 100 120000 6.80
39 103 4 100 90000 6.80
40 104 4 100 120000 6.80
41 105 4 100 90000 6.80
42 106 4 100 90000 6.80
43 107 4 100 80000 6.80
44 108 4 100 120000 6.80
45 109 4 100 110000 6.80
46 110 4 100 100000 6.80
47 111 4 100 80000 6.80
48 112 4 100 120000 6.80
49 113 4 100 100000 6.80
50 114 4 100 80000 6.80
51 115 4 100 80000 6.80
52 116 4 100 110000 6.80
53 117 4 100 100000 6.80
54 118 4 100 90000 6.80
55 119 4 100 110000 6.80
56 120 4 100 100000 6.80
57 121 4 100 100000 6.80
58 122 4 100 120000 6.80
59 123 4 100 120000 6.80
60 124 4 100 90000 6.80
61 125 4 100 110000 6.80
62 126 4 100 120000 6.80
63 127 4 100 110000 6.80
64 0 4 100 100000 6.80
65 1 4 100 110000 6.80
66 2 4 100 120000 6.80
67 3 4 100 100000 6.80
68 4 4 100 120000 6.80
69 5 4 100 80000 6.80
70 6 4 100 100000 6.80
71 7 4 100 80000 6.80
72 8 4 100 110000 6.80
73 9 4 100 80000 6.80
74 10 4 100 110000 6.80
75 11 4 100 90000 6.80
76 12 4 100 90000 6.80
77 13 4 100 100000 6.80
78 14 4 100 90000 6.80
79 15 4 100 120000 6.80
80 16 4 100 90000 6.80
81 17 4 100 110000 6.80
82 18 4 100 100000 6.80
83 19 4 100 90000 6.80
84 20 4 100 110000 6.80
85 21 4 100 100000 6.80
86 22 4 100 120000 6.80
87 23 4 100 110000 6.80
88 24 4 100 100000 6.80
89 25 4 100 80000 6.80
90 26 4 100 120000 6.80
91 27 4 100 120000 6.80
92 28 4 100 90000 6.80
93 29 4 100 100000 6.80
94 30 4 100 100000 6.80
95 31 4 100 100000 6.80
0 103 3 101 1065 6.87
1 103 3 101 7431 6.87
2 103 3 101 14916 6.87
3 103 3 101 2574 6.87
4 103 3 101 10567 6.87
5 103 3 101 9446 6.87
6 103 3 101 289 6.87
7 103 3 101 2288 6.87
8 103 3 101 2719 6.87
9 103 3 101 21610 6.87
10 103 3 101 12724 6.87
11 103 3 101 27153 6.87
12 103 3 101 3532 6.87
13 103 3 101 8952 6.87
14 103 3 101 2046 6.87
15 103 3 101 4275 6.87
16 103 3 101 2185 6.87
17 103 3 101 1947 6.87
18 103 3 101 120 6.87
19 103 3 101 1139 6.87
20 103 3 101 11691 6.87
21 103 3 101 10659 6.87
22 103 3 101 1019 6.87
23 103 3 101 14272 6.87
24 103 3 101 5127 6.87
25 103 3 101 11393 6.87
26 103 3 101 2344 6.87
27 103 3 101 1075 6.87
28 103 3 101 246 6.87
29 103 3 101 24651 6.87
30 103 3 101 724 6.87
31 103 3 101 2082 6.87
0 111 3 101 15839 7.08
1 111 3 101 106376 7.08
2 111 3 101 16920 7.08
3 111 3 101 9999 7.08
4 111 3 101 2133 7.08
5 111 3 101 2331 7.08
6 111 3 101 4055 7.08
7 111 3 101 9622 7.08
8 111 3 101 11701 7.08
9 111 3 101 1930 7.08
10 111 3 101 12546 7.08
11 111 3 101 5794 7.08
12 111 3 101 2210 7.08
13 111 3 101 43393 7.08
14 111 3 101 4942 7.08
15 111 3 101 1910 7.08
16 111 3 101 17041 7.08
17 111 3 101 5396 7.08
18 111 3 101 563 7.08
19 111 3 101 5221 7.08
20 111 3 101 969 7.08
21 111 3 101 599 7.08
22 111 3 101 10519 7.08
23 111 3 101 1120 7.08
24 111 3 101 438 7.08
25 111 3 101 834 7.08
26 111 3 101 2023 7.08
27 111 3 101 4761 7.08
28 111 3 101 2000 7.08
29 111 3 101 11911 7.08
30 111 3 101 560 7.08
31 111 3 101 1419 7.08
32 96 4 100 80000 6.90
33 97 4 100 110000 6.90
34 98 4 100 110000 6.90
35 99 4 100 90000 6.90
36 100 4 100 80000 6.90
37 101 4 100 120000 6.90
38 102 4 100 100000 6.90
39 103 4 100 90000 6.90
40 104 4 100 120000 6.90
41 105 4 100 90000 6.90
42 106 4 100 80000 6.90
43 107 4 100 90000 6.90
44 108 4 100 120000 6.90
45 109 4 100 100000 6.90
46 110 4 100 110000 6.90
47 111 4 100 120000 6.90
48 112 4 100 100000 6.90
49 113 4 100 80000 6.90
50 114 4 100 90000 6.90
51 115 4 100 110000 6.90
52 116 4 100 120000 6.90
53 117 4 100 120000 6.90
54 118 4 100 80000 6.90
55 119 4 100 120000 6.90
56 120 4 100 120000 6.90
57 121 4 100 110000 6.90
58 122 4 100 110000 6.90
59 123 4 100 80000 6.90
60 124 4 100 90000 6.90
61 125 4 100 100000 6.90
62 126 4 100 90000 6.90
63 127 4 100 110000 6.90
64 0 4 100 100000 6.90
65 1 4 100 100000 6.90
66 2 4 100 120000 6.90
67 3 4 100 110000 6.90
68 4 4 100 80000 6.90
69 5 4 100 110000 6.90
70 6 4 100 80000 6.90
71 7 4 100 120000 6.90
72 8 4 100 100000 6.90
73 9 4 100 90000 6.90
74 10 4 100 90000 6.90
75 11 4 100 80000 6.90
76 12 4 100 120000 6.90
77 13 4 100 80000 6.90
78 14 4 100 80000 6.90
79 15 4 100 100000 6.90
80 16 4 100 120000 6.90
81 17 4 100 80000 6.90
82 18 4 100 80000 6.90
83 19 4 100 110000 6.90
84 20 4 100 110000 6.90
85 21 4 100 80000 6.90
86 22 4 100 120000 6.90
87 23 4 100 100000 6.90
88 24 4 100 90000 6.90
89 25 4 100 120000 6.90
90 26 4 100 90000 6.90
91 27 4 100 120000 6.90
92 28 4 100 90000 6.90
93 29 4 100 80000 6.90
94 30 4 100 80000 6.90
95 31 4 100 120000 6.90
0 123 3 101 11377 6.91
1 123 3 101 1180 6.91
2 123 3 101 361 6.91
3 123 3 101 3198 6.91
4 123 3 101 25893 6.91
5 123 3 101 1687 6.91
6 123 3 101 4597 6.91
7 123 3 101 39049 6.91
8 123 3 101 2657 6.91
9 123 3 101 52711 6.91
10 123 3 101 7355 6.91
11 123 3 101 8182 6.91
12 123 3 101 39519 6.91
13 123 3 101 334 6.91
14 123 3 101 8646 6.91
15 123 3 101 2199 6.91
16 123 3 101 32052 6.91
17 123 3 101 2125 6.91
18 123 3 101 989 6.91
19 123 3 101 19342 6.91
20 123 3 101 2150 6.91
21 123 3 101 646 6.91
22 123 3 101 19239 6.91
23 123 3 101 4234 6.91
24 123 3 101 53057 6.91
25 123 3 101 2038 6.91
26 123 3 101 3139 6.91
27 123 3 101 3347 6.91
28 123 3 101 2128 6.91
29 123 3 101 2773 6.91
30 123 3 101 6423 6.91
31 123 3 101 30645 6.91
0 103 3 101 10771 6.98
1 103 3 101 147543 6.98
2 103 3 101 9955 6.98
3 103 3 101 3723 6.98
4 103 3 101 2850 6.98
5 103 3 101 628 6.98
6 103 3 101 37751 6.98
7 103 3 101 2561 6.98
8 103 3 101 513 6.98
9 103 3 101 1177 6.98
10 103 3 101 374 6.98
11 103 3 101 453 6.98
12 103 3 101 11858 6.98
13 103 3 101 9932 6.98
14 103 3 101 4982 6.98
15 103 3 101 635 6.98
16 103 3 101 914 6.98
17 103 3 101 1313 6.98
18 103 3 101 7000 6.98
19 103 3 101 7785 6.98
20 103 3 101 5438 6.98
21 103 3 101 6281 6.98
22 103 3 101 1512 6.98
23 103 3 101 12253 6.98
24 103 3 101 15966 6.98
25 103 3 101 10004 6.98
26 103 3 101 8453 6.98
27 103 3 101 4221 6.98
28 103 3 101 1325 6.98
29 103 3 101 20657 6.98
30 103 3 101 156 6.98
31 103 3 101 1723 6.98
0 118 3 101 2248 7.03
1 118 3 101 21670 7.03
2 118 3 101 2181 7.03
3 118 3 101 4716 7.03
4 118 3 101 1342 7.03
5 118 3 101 18087 7.03
6 118 3 101 4771 7.03
7 118 3 101 15482 7.03
8 118 3 101 124 7.03
9 118 3 101 2698 7.03
10 118 3 101 26191 7.03
11 118 3 101 63740 7.03
12 118 3 101 1625 7.03
13 118 3 101 7458 7.03
14 118 3 101 5282 7.03
15 118 3 101 10624 7.03
16 118 3 101 1829 7.03
17 118 3 101 33741 7.03
18 118 3 101 17087 7.03
19 118 3 101 11237 7.03
20 118 3 101 2075 7.03
21 118 3 101 945 7.03
22 118 3 101 3148 7.03
23 118 3 101 263 7.03
24 118 3 101 1843 7.03
25 118 3 101 4262 7.03
26 118 3 101 1697 7.03
27 118 3 101 295 7.03
28 118 3 101 411 7.03
29 118 3 101 918 7.03
30 118 3 101 6695 7.03
31 118 3 101 5308 7.03
32 96 4 100 120000 7.00
33 97 4 100 100000 7.00
34 98 4 100 90000 7.00
35 99 4 100 110000 7.00
36 100 4 100 90000 7.00
37 101 4 100 100000 7.00
38 102 4 100 100000 7.00
39 103 4 100 100000 7.00
40 104 4 100 90000 7.00
41 105 4 100 110000 7.00
42 106 4 100 80000 7.00
43 107 4 100 120000 7.00
44 108 4 100 80000 7.00
45 109 4 100 90000 7.00
46 110 4 100 90000 7.00
47 111 4 100 90000 7.00
48 112 4 100 80000 7.00
49 113 4 100 100000 7.00
50 114 4 100 100000 7.00
51 115 4 100 120000 7.00
52 116 4 100 100000 7.00
53 117 4 100 80000 7.00
54 118 4 100 80000 7.00
55 119 4 100 110000 7.00
56 120 4 100 110000 7.00
57 121 4 100 90000 7.00
58 122 4 100 80000 7.00
59 123 4 100 120000 7.00
60 124 4 100 120000 7.00
61 125 4 100 100000 7.00
62 126 4 100 90000 7.00
63 127 4 100 90000 7.00
64 0 4 100 90000 7.00
65 1 4 100 90000 7.00
66 2 4 100 100000 7.00
67 3 4 100 90000 7.00
68 4 4 100 120000 7.00
69 5 4 100 110000 7.00
70 6 4 100 110000 7.00
71 7 4 100 120000 7.00
72 8 4 100 90000 7.00
73 9 4 100 110000 7.00
74 10 4 100 90000 7.00
75 11 4 100 110000 7.00
76 12 4 100 110000 7.00
77 13 4 100 110000 7.00
78 14 4 100 110000 7.00
79 15 4 100 90000 7.00
80 16 4 100 120000 7.00
81 17 4 100 100000 7.00
82 18 4 100 90000 7.00
83 19 4 100 110000 7.00
84 20 4 100 120000 7.00
85 21 4 100 90000 7.00
86 22 4 100 90000 7.00
87 23 4 100 120000 7.00
88 24 4 100 110000 7.00
89 25 4 100 90000 7.00
90 26 4 100 110000 7.00
91 27 4 100 80000 7.00
92 28 4 100 90000 7.00
93 29 4 100 120000 7.00
94 30 4 100 90000 7.00
95 31 4 100 120000 7.00
0 125 3 101 4718 7.22
1 125 3 101 341 7.22
2 125 3 101 33351 7.22
3 125 3 101 5183 7.22
4 125 3 101 6875 7.22
5 125 3 101 4621 7.22
6 125 3 101 2094 7.22
7 125 3 101 910 7.22
8 125 3 101 1180 7.22
9 125 3 101 1405 7.22
10 125 3 101 2788 7.22
11 125 3 101 6269 7.22
12 125 3 101 2775 7.22
13 125 3 101 7898 7.22
14 125 3 101 357 7.22
15 125 3 101 995 7.22
16 125 3 101 63650 7.22
17 125 3 101 4899 7.22
18 125 3 101 53818 7.22
19 125 3 101 774 7.22
20 125 3 101 1 7.22
21 125 3 101 10631 7.22
22 125 3 101 5979 7.22
23 125 3 101 11870 7.22
24 125 3 101 15584 7.22
25 125 3 101 338 7.22
26 125 3 101 1177 7.22
27 125 3 101 1137 7.22
28 125 3 101 672 7.22
29 125 3 101 3634 7.22
30 125 3 101 4948 7.22
31 125 3 101 7374 7.22
32 96 4 100 100000 7.10
33 97 4 100 100000 7.10
34 98 4 100 120000 7.10
35 99 4 100 100000 7.10
36 100 4 100 110000 7.10
37 101 4 100 80000 7.10
38 102 4 100 80000 7.10
39 103 4 100 120000 7.10
40 104 4 100 80000 7.10
41 105 4 100 90000 7.10
42 106 4 100 100000 7.10
43 107 4 100 80000 7.10
44 108 4 100 120000 7.10
45 109 4 100 100000 7.10
46 110 4 100 120000 7.10
47 111 4 100 80000 7.10
48 112 4 100 110000 7.10
49 113 4 100 100000 7.10
50 114 4 100 110000 7.10
51 115 4 100 100000 7.10
52 116 4 100 90000 7.10
53 117 4 100 110000 7.10
54 118 4 100 120000 7.10
55 119 4 100 120000 7.10
56 120 4 100 100000 7.10
57 121 4 100 90000 7.10
58 122 4 100 110000 7.10
59 123 4 100 110000 7.10
60 124 4 100 90000 7.10
61 125 4 100 110000 7.10
62 126 4 100 80000 7.10
63 127 4 100 100000 7.10
64 0 4 100 100000 7.10
65 1 4 100 110000 7.10
66 2 4 100 90000 7.10
67 3 4 100 80000 7.10
68 4 4 100 110000 7.10
69 5 4 100 90000 7.10
70 6 4 100 90000 7.10
71 7 4 100 120000 7.10
72 8 4 100 100000 7.10
73 9 4 100 80000 7.10
74 10 4 100 90000 7.10
75 11 4 100 120000 7.10
76 12 4 100 100000 7.10
77 13 4 100 80000 7.10
78 14 4 100 120000 7.10
79 15 4 100 90000 7.10
80 16 4 100 110000 7.10
81 17 4 100 80000 7.10
82 18 4 100 100000 7.10
83 19 4 100 90000 7.10
84 20 4 100 100000 7.10
85 21 4 100 100000 7.10
86 22 4 100 80000 7.10
87 23 4 100 100000 7.10
88 24 4 100 80000 7.10
89 25 4 100 80000 7.10
90 26 4 100 110000 7.10
91 27 4 100 120000 7.10
92 28 4 100 100000 7.10
93 29 4 100 100000 7.10
94 30 4 100 120000 7.10
95 31 4 100 100000 7.10
0 102 3 101 5440 7.20
1 102 3 101 5640 7.20
2 102 3 101 2157 7.20
3 102 3 101 75 7.20
4 102 3 101 1643 7.20
5 102 3 101 835 7.20
6 102 3 101 8309 7.20
7 102 3 101 16788 7.20
8 102 3 101 9123 7.20
9 102 3 101 3887 7.20
10 102 3 101 749 7.20
11 102 3 101 396 7.20
12 102 3 101 22080 7.20
13 102 3 101 1595 7.20
14 102 3 101 3937 7.20
15 102 3 101 2260 7.20
16 102 3 101 2330 7.20
17 102 3 101 5853 7.20
18 102 3 101 9999 7.20
19 102 3 101 3688 7.20
20 102 3 101 23747 7.20
21 102 3 101 4954 7.20
22 102 3 101 3202 7.20
23 102 3 101 3821 7.20
24 102 3 101 21136 7.20
25 102 3 101 5544 7.20
26 102 3 101 8994 7.20
27 102 3 101 3502 7.20
28 102 3 101 39618 7.20
29 102 3 101 110749 7.20
30 102 3 101 900 7.20
31 102 3 101 926 7.20
32 96 4 100 80000 7.20
33 97 4 100 80000 7.20
34 98 4 100 110000 7.20
35 99 4 100 110000 7.20
36 100 4 100 120000 7.20
37 101 4 100 120000 7.20
38 102 4 100 100000 7.20
39 103 4 100 120000 7.20
40 104 4 100 80000 7.20
41 105 4 100 120000 7.20
42 106 4 100 90000 7.20
43 107 4 100 80000 7.20
44 108 4 100 110000 7.20
45 109 4 100 120000 7.20
46 110 4 100 110000 7.20
47 111 4 100 80000 7.20
48 112 4 100 90000 7.20
49 113 4 100 90000 7.20
50 114 4 100 90000 7.20
51 115 4 100 120000 7.20
52 116 4 100 90000 7.20
53 117 4 100 100000 7.20
54 118 4 100 80000 7.20
55 119 4 100 100000 7.20
56 120 4 100 80000 7.20
57 121 4 100 80000 7.20
58 122 4 100 80000 7.20
59 123 4 100 120000 7.20
60 124 4 100 80000 7.20
61 125 4 100 90000 7.20
62 126 4 100 120000 7.20
63 127 4 100 110000 7.20
64 0 4 100 80000 7.20
65 1 4 100 90000 7.20
66 2 4 100 80000 7.20
67 3 4 100 90000 7.20
68 4 4 100 120000 7.20
69 5 4 100 110000 7.20
70 6 4 100 110000 7.20
71 7 4 100 100000 7.20
72 8 4 100 100000 7.20
73 9 4 100 120000 7.20
74 10 4 100 100000 7.20
75 11 4 100 100000 7.20
76 12 4 100 110000 7.20
77 13 4 100 110000 7.20
78 14 4 100 90000 7.20
79 15 4 100 120000 7.20
80 16 4 100 120000 7.20
81 17 4 100 110000 7.20
82 18 4 100 120000 7.20
83 19 4 100 100000 7.20
84 20 4 100 80000 7.20
85 21 4 100 110000 7.20
86 22 4 100 100000 7.20
87 23 4 100 90000 7.20
88 24 4 100 90000 7.20
89 25 4 100 120000 7.20
90 26 4 100 110000 7.20
91 27 4 100 90000 7.20
92 28 4 100 120000 7.20
93 29 4 100 90000 7.20
94 30 4 100 80000 7.20
95 31 4 100 120000 7.20
0 112 3 101 16850 7.26
1 112 3 101 3027 7.26
2 112 3 101 1449 7.26
3 112 3 101 13552 7.26
4 112 3 101 70 7.26
5 112 3 101 2771 7.26
6 112 3 101 1597 7.26
7 112 3 101 21516 7.26
8 112 3 101 6635 7.26
9 112 3 101 2337 7.26
10 112 3 101 20475 7.26
11 112 3 101 6240 7.26
12 112 3 101 1172 7.26
13 112 3 101 375 7.26
14 112 3 101 1508 7.26
15 112 3 101 2507 7.26
16 112 3 101 3471 7.26
17 112 3 101 2992 7.26
18 112 3 101 5374 7.26
19 112 3 101 4042 7.26
20 112 3 101 1886 7.26
21 112 3 101 1661 7.26
22 112 3 101 1780 7.26
23 112 3 101 3303 7.26
24 112 3 101 112652 7.26
25 112 3 101 7649 7.26
26 112 3 101 1458 7.26
27 112 3 101 20427 7.26
28 112 3 101 13195 7.26
29 112 3 101 897 7.26
30 112 3 101 4781 7.26
31 112 3 101 1981 7.26
0 107 3 101 4723 7.29
1 107 3 101 3552 7.29
2 107 3 101 5715 7.29
3 107 3 101 11472 7.29
4 107 3 101 1856 7.29
5 107 3 101 36902 7.29
6 107 3 101 19772 7.29
7 107 3 101 251 7.29
8 107 3 101 1591 7.29
9 107 3 101 2720 7.29
10 107 3 101 47059 7.29
11 107 3 101 795 7.29
12 107 3 101 1624 7.29
13 107 3 101 3871 7.29
14 107 3 101 195 7.29
15 107 3 101 5038 7.29
16 107 3 101 537 7.29
17 107 3 101 35106 7.29
18 107 3 101 19474 7.29
19 107 3 101 24443 7.29
20 107 3 101 7595 7.29
21 107 3 101 9837 7.29
22 107 3 101 9 7.29
23 107 3 101 6578 7.29
24 107 3 101 580 7.29
25 107 3 101 64330 7.29
26 107 3 101 5380 7.29
27 107 3 101 5306 7.29
28 107 3 101 6190 7.29
29 107 3 101 144 7.29
30 107 3 101 6509 7.29
31 107 3 101 4203 7.29
0 115 3 101 1012 7.71
1 115 3 101 13134 7.71
2 115 3 101 34624 7.71
3 115 3 101 1129 7.71
4 115 3 101 6599 7.71
5 115 3 101 2341 7.71
6 115 3 101 7479 7.71
7 115 3 101 29310 7.71
8 115 3 101 811 7.71
9 115 3 101 490 7.71
10 115 3 101 8372 7.71
11 115 3 101 2119 7.71
12 115 3 101 6460 7.71
13 115 3 101 320 7.71
14 115 3 101 12291 7.71
15 115 3 101 20607 7.71
16 115 3 101 14021 7.71
17 115 3 101 11893 7.71
18 115 3 101 6244 7.71
19 115 3 101 4279 7.71
20 115 3 101 1074 7.71
21 115 3 101 2195 7.71
22 115 3 101 187 7.71
23 115 3 101 6659 7.71
24 115 3 101 158 7.71
25 115 3 101 5984 7.71
26 115 3 101 3165 7.71
27 115 3 101 24274 7.71
28 115 3 101 5124 7.71
29 115 3 101 527 7.71
30 115 3 101 110506 7.71
31 115 3 101 5194 7.71
32 96 4 100 90000 7.30
33 97 4 100 80000 7.30
34 98 4 100 90000 7.30
35 99 4 100 110000 7.30
36 100 4 100 110000 7.30
37 101 4 100 90000 7.30
38 102 4 100 120000 7.30
39 103 4 100 100000 7.30
40 104 4 100 120000 7.30
41 105 4 100 120000 7.30
42 106 4 100 80000 7.30
43 107 4 100 90000 7.30
44 108 4 100 110000 7.30
45 109 4 100 110000 7.30
46 110 4 100 90000 7.30
47 111 4 100 90000 7.30
48 112 4 100 80000 7.30
49 113 4 100 80000 7.30
50 114 4 100 100000 7.30
51 115 4 100 80000 7.30
52 116 4 100 110000 7.30
53 117 4 100 120000 7.30
54 118 4 100 80000 7.30
55 119 4 100 80000 7.30
56 120 4 100 110000 7.30
57 121 4 100 100000 7.30
58 122 4 100 120000 7.30
59 123 4 100 80000 7.30
60 124 4 100 90000 7.30
61 125 4 100 90000 7.30
62 126 4 100 90000 7.30
63 127 4 100 90000 7.30
64 0 4 100 110000 7.30
65 1 4 100 100000 7.30
66 2 4 100 80000 7.30
67 3 4 100 80000 7.30
68 4 4 100 120000 7.30
69 5 4 100 90000 7.30
70 6 4 100 110000 7.30
71 7 4 100 110000 7.30
72 8 4 100 90000 7.30
73 9 4 100 90000 7.30
74 10 4 100 80000 7.30
75 11 4 100 110000 7.30
76 12 4 100 120000 7.30
77 13 4 100 90000 7.30
78 14 4 100 100000 7.30
79 15 4 100 100000 7.30
80 16 4 100 110000 7.30
81 17 4 100 90000 7.30
82 18 4 100 90000 7.30
83 19 4 100 110000 7.30
84 20 4 100 110000 7.30
85 21 4 100 90000 7.30
86 22 4 100 90000 7.30
87 23 4 100 80000 7.30
88 24 4 100 90000 7.30
89 25 4 100 110000 7.30
90 26 4 100 120000 7.30
91 27 4 100 100000 7.30
92 28 4 100 100000 7.30
93 29 4 100 90000 7.30
94 30 4 100 100000 7.30
95 31 4 100 110000 7.30
0 123 3 101 12668 7.45
1 123 3 101 5458 7.45
2 123 3 101 1871 7.45
3 123 3 101 4963 7.45
4 123 3 101 42618 7.45
5 123 3 101 2569 7.45
6 123 3 101 16477 7.45
7 123 3 101 12278 7.45
8 123 3 101 4315 7.45
9 123 3 101 5140 7.45
10 123 3 101 13750 7.45
11 123 3 101 11808 7.45
12 123 3 101 2306 7.45
13 123 3 101 20873 7.45
14 123 3 101 13726 7.45
15 123 3 101 2996 7.45
16 123 3 101 2801 7.45
17 123 3 101 4929 7.45
18 123 3 101 14317 7.45
19 123 3 101 2238 7.45
20 123 3 101 697 7.45
21 123 3 101 1640 7.45
22 123 3 101 504 7.45
23 123 3 101 3932 7.45
24 123 3 101 2450 7.45
25 123 3 101 14005 7.45
26 123 3 101 7400 7.45
27 123 3 101 9339 7.45
28 123 3 101 4604 7.45
29 123 3 101 20357 7.45
30 123 3 101 4768 7.45
31 123 3 101 4369 7.45
32 96 4 100 110000 7.40
33 97 4 100 120000 7.40
34 98 4 100 110000 7.40
35 99 4 100 100000 7.40
36 100 4 100 80000 7.40
37 101 4 100 110000 7.40
38 102 4 100 90000 7.40
39 103 4 100 110000 7.40
40 104 4 100 120000 7.40
41 105 4 100 80000 7.40
42 106 4 100 90000 7.40
43 107 4 100 90000 7.40
44 108 4 100 80000 7.40
45 109 4 100 120000 7.40
46 110 4 100 100000 7.40
47 111 4 100 100000 7.40
48 112 4 100 120000 7.40
49 113 4 100 90000 7.40
50 114 4 100 90000 7.40
51 115 4 100 90000 7.40
52 116 4 100 100000 7.40
53 117 4 100 90000 7.40
54 118 4 100 120000 7.40
55 119 4 100 90000 7.40
56 120 4 100 110000 7.40
57 121 4 100 90000 7.40
58 122 4 100 80000 7.40
59 123 4 100 110000 7.40
60 124 4 100 120000 7.40
61 125 4 100 90000 7.40
62 126 4 100 100000 7.40
63 127 4 100 110000 7.40
64 0 4 100 120000 7.40
65 1 4 100 100000 7.40
66 2 4 100 120000 7.40
67 3 4 100 110000 7.40
68 4 4 100 120000 7.40
69 5 4 100 90000 7.40
70 6 4 100 110000 7.40
71 7 4 100 110000 7.40
72 8 4 100 80000 7.40
73 9 4 100 80000 7.40
74 10 4 100 100000 7.40
75 11 4 100 80000 7.40
76 12 4 100 100000 7.40
77 13 4 100 80000 7.40
78 14 4 100 110000 7.40
79 15 4 100 90000 7.40
80 16 4 100 90000 7.40
81 17 4 100 100000 7.40
82 18 4 100 120000 7.40
83 19 4 100 100000 7.40
84 20 4 100 100000 7.40
85 21 4 100 100000 7.40
86 22 4 100 80000 7.40
87 23 4 100 100000 7.40
88 24 4 100 100000 7.40
89 25 4 100 100000 7.40
90 26 4 100 110000 7.40
91 27 4 100 120000 7.40
92 28 4 100 80000 7.40
93 29 4 100 110000 7.40
94 30 4 100 120000 7.40
95 31 4 100 90000 7.40
0 111 3 101 6818 7.44
1 111 3 101 6013 7.44
2 111 3 101 9526 7.44
3 111 3 101 857 7.44
4 111 3 101 1126 7.44
5 111 3 101 20866 7.44
6 111 3 101 172 7.44
7 111 3 101 3185 7.44
8 111 3 101 1555 7.44
9 111 3 101 13376 7.44
10 111 3 101 4992 7.44
11 111 3 101 1326 7.44
12 111 3 101 2988 7.44
13 111 3 101 4721 7.44
14 111 3 101 13380 7.44
15 111 3 101 3829 7.44
16 111 3 101 401 7.44
17 111 3 101 1585 7.44
18 111 3 101 12122 7.44
19 111 3 101 187 7.44
20 111 3 101 4281 7.44
21 111 3 101 765 7.44
22 111 3 101 1460 7.44
23 111 3 101 1286 7.44
24 111 3 101 2330 7.44
25 111 3 101 883 7.44
26 111 3 101 747 7.44
27 111 3 101 589 7.44
28 111 3 101 966 7.44
29 111 3 101 986 7.44
30 111 3 101 4873 7.44
31 111 3 101 813 7.44
0 111 3 101 4579 7.55
1 111 3 101 4051 7.55
2 111 3 101 34991 7.55
3 111 3 101 135 7.55
4 111 3 101 4502 7.55
5 111 3 101 27051 7.55
6 111 3 101 7511 7.55
7 111 3 101 1649 7.55
8 111 3 101 394 7.55
9 111 3 101 19211 7.55
10 111 3 101 2001 7.55
11 111 3 101 4549 7.55
12 111 3 101 101 7.55
13 111 3 101 1843 7.55
14 111 3 101 10914 7.55
15 111 3 101 9217 7.55
16 111 3 101 1462 7.55
17 111 3 101 2535 7.55
18 111 3 101 8437 7.55
19 111 3 101 176538 7.55
20 111 3 101 5277 7.55
21 111 3 101 13208 7.55
22 111 3 101 604 7.55
23 111 3 101 59661 7.55
24 111 3 101 162 7.55
25 111 3 101 50478 7.55
26 111 3 101 1591 7.55
27 111 3 101 3551 7.55
28 111 3 101 1933 7.55
29 111 3 101 2898 7.55
30 111 3 101 3162 7.55
31 111 3 101 1223 7.55
32 96 4 100 120000 7.50
33 97 4 100 120000 7.50
34 98 4 100 120000 7.50
35 99 4 100 80000 7.50
36 100 4 100 80000 7.50
37 101 4 100 90000 7.50
38 102 4 100 110000 7.50
39 103 4 100 90000 7.50
40 104 4 100 100000 7.50
41 105 4 100 110000 7.50
42 106 4 100 110000 7.50
43 107 4 100 120000 7.50
44 108 4 100 120000 7.50
45 109 4 100 100000 7.50
46 110 4 100 120000 7.50
47 111 4 100 90000 7.50
48 112 4 100 80000 7.50
49 113 4 100 90000 7.50
50 114 4 100 100000 7.50
51 115 4 100 110000 7.50
52 116 4 100 100000 7.50
53 117 4 100 90000 7.50
54 118 4 100 80000 7.50
55 119 4 100 100000 7.50
56 120 4 100 110000 7.50
57 121 4 100 90000 7.50
58 122 4 100 100000 7.50
59 123 4 100 120000 7.50
60 124 4 100 120000 7.50
61 125 4 100 90000 7.50
62 126 4 100 90000 7.50
63 127 4 100 120000 7.50
64 0 4 100 100000 7.50
65 1 4 100 100000 7.50
66 2 4 100 100000 7.50
67 3 4 100 80000 7.50
68 4 4 100 120000 7.50
69 5 4 100 100000 7.50
70 6 4 100 120000 7.50
71 7 4 100 110000 7.50
72 8 4 100 90000 7.50
73 9 4 100 100000 7.50
74 10 4 100 80000 7.50
75 11 4 100 120000 7.50
76 12 4 100 80000 7.50
77 13 4 100 80000 7.50
78 14 4 100 110000 7.50
79 15 4 100 100000 7.50
80 16 4 100 120000 7.50
81 17 4 100 100000 7.50
82 18 4 100 80000 7.50
83 19 4 100 90000 7.50
84 20 4 100 90000 7.50
85 21 4 100 120000 7.50
86 22 4 100 100000 7.50
87 23 4 100 120000 7.50
88 24 4 100 90000 7.50
89 25 4 100 90000 7.50
90 26 4 100 110000 7.50
91 27 4 100 110000 7.50
92 28 4 100 90000 7.50
93 29 4 100 110000 7.50
94 30 4 100 90000 7.50
95 31 4 100 110000 7.50
0 119 3 101 37 7.55
1 119 3 101 8528 7.55
2 119 3 101 4824 7.55
3 119 3 101 17005 7.55
4 119 3 101 5741 7.55
5 119 3 101 25430 7.55
6 119 3 101 1560 7.55
7 119 3 101 24 7.55
8 119 3 101 1782 7.55
9 119 3 101 118 7.55
10 119 3 101 554 7.55
11 119 3 101 10639 7.55
12 119 3 101 3810 7.55
13 119 3 101 949 7.55
14 119 3 101 10195 7.55
15 119 3 101 20017 7.55
16 119 3 101 2087 7.55
17 119 3 101 3031 7.55
18 119 3 101 13508 7.55
19 119 3 101 21891 7.55
20 119 3 101 2625 7.55
21 119 3 101 17348 7.55
22 119 3 101 1591 7.55
23 119 3 101 6349 7.55
24 119 3 101 4078 7.55
25 119 3 101 10570 7.55
26 119 3 101 2195 7.55
27 119 3 101 17774 7.55
28 119 3 101 5035 7.55
29 119 3 101 4181 7.55
30 119 3 101 22579 7.55
31 119 3 101 12267 7.55
0 99 3 101 2029 7.92
1 99 3 101 34949 7.92
2 99 3 101 41848 7.92
3 99 3 101 3325 7.92
4 99 3 101 1169 7.92
5 99 3 101 4123 7.92
6 99 3 101 13040 7.92
7 99 3 101 3024 7.92
8 99 3 101 2469 7.92
9 99 3 101 10885 7.92
10 99 3 101 6609 7.92
11 99 3 101 22122 7.92
12 99 3 101 19811 7.92
13 99 3 101 26753 7.92
14 99 3 101 2505 7.92
15 99 3 101 636 7.92
16 99 3 101 7453 7.92
17 99 3 101 22831 7.92
18 99 3 101 9304 7.92
19 99 3 101 5313 7.92
20 99 3 101 1726 7.92
21 99 3 101 3248 7.92
22 99 3 101 503 7.92
23 99 3 101 6216 7.92
24 99 3 101 3209 7.92
25 99 3 101 1392 7.92
26 99 3 101 8426 7.92
27 99 3 101 882 7.92
28 99 3 101 23321 7.92
29 99 3 101 3011 7.92
30 99 3 101 2501 7.92
31 99 3 101 9135 7.92
32 96 4 100 120000 7.60
33 97 4 100 90000 7.60
34 98 4 100 120000 7.60
35 99 4 100 120000 7.60
36 100 4 100 90000 7.60
37 101 4 100 110000 7.60
38 102 4 100 90000 7.60
39 103 4 100 110000 7.60
40 104 4 100 100000 7.60
41 105 4 100 120000 7.60
42 106 4 100 100000 7.60
43 107 4 100 90000 7.60
44 108 4 100 120000 7.60
45 109 4 100 110000 7.60
46 110 4 100 90000 7.60
47 111 4 100 80000 7.60
48 112 4 100 120000 7.60
49 113 4 100 80000 7.60
50 114 4 100 90000 7.60
51 115 4 100 80000 7.60
52 116 4 100 80000 7.60
53 117 4 100 90000 7.60
54 118 4 100 80000 7.60
55 119 4 100 100000 7.60
56 120 4 100 80000 7.60
57 121 4 100 80000 7.60
58 122 4 100 80000 7.60
59 123 4 100 100000 7.60
60 124 4 100 110000 7.60
61 125 4 100 100000 7.60
62 126 4 100 80000 7.60
63 127 4 100 120000 7.60
64 0 4 100 90000 7.60
65 1 4 100 90000 7.60
66 2 4 100 80000 7.60
67 3 4 100 100000 7.60
68 4 4 100 120000 7.60
69 5 4 100 110000 7.60
70 6 4 100 110000 7.60
71 7 4 100 80000 7.60
72 8 4 100 90000 7.60
73 9 4 100 80000 7.60
74 10 4 100 90000 7.60
75 11 4 100 110000 7.60
76 12 4 100 110000 7.60
77 13 4 100 110000 7.60
78 14 4 100 120000 7.60
79 15 4 100 90000 7.60
80 16 4 100 100000 7.60
81 17 4 100 80000 7.60
82 18 4 100 100000 7.60
83 19 4 100 110000 7.60
84 20 4 100 120000 7.60
85 21 4 100 80000 7.60
86 22 4 100 80000 7.60
87 23 4 100 100000 7.60
88 24 4 100 110000 7.60
89 25 4 100 80000 7.60
90 26 4 100 110000 7.60
91 27 4 100 90000 7.60
92 28 4 100 110000 7.60
93 29 4 100 100000 7.60
94 30 4 100 120000 7.60
95 31 4 100 100000 7.60
0 123 3 101 5129 7.63
1 123 3 101 6354 7.63
2 123 3 101 447 7.63
3 123 3 101 4681 7.63
4 123 3 101 3042 7.63
5 123 3 101 1140 7.63
6 123 3 101 7965 7.63
7 123 3 101 60 7.63
8 123 3 101 3127 7.63
9 123 3 101 10061 7.63
10 123 3 101 2100 7.63
11 123 3 101 5404 7.63
12 123 3 101 2602 7.63
13 123 3 101 3189 7.63
14 123 3 101 1653 7.63
15 123 3 101 19509 7.63
16 123 3 101 522 7.63
17 123 3 101 65 7.63
18 123 3 101 261 7.63
19 123 3 101 6340 7.63
20 123 3 101 3387 7.63
21 123 3 101 1045 7.63
22 123 3 101 164 7.63
23 123 3 101 10174 7.63
24 123 3 101 1164 7.63
25 123 3 101 686 7.63
26 123 3 101 18373 7.63
27 123 3 101 24299 7.63
28 123 3 101 17331 7.63
29 123 3 101 47961 7.63
30 123 3 101 1164 7.63
31 123 3 101 1574 7.63
0 108 3 101 43095 7.92
1 108 3 101 7306 7.92
2 108 3 101 1958 7.92
3 108 3 101 7776 7.92
4 108 3 101 11949 7.92
5 108 3 101 5849 7.92
6 108 3 101 23864 7.92
7 108 3 101 2723 7.92
8 108 3 101 4216 7.92
9 108 3 101 43 7.92
10 108 3 101 3488 7.92
11 108 3 101 420 7.92
12 108 3 101 97 7.92
13 108 3 101 10133 7.92
14 108 3 101 35126 7.92
15 108 3 101 3834 7.92
16 108 3 101 6463 7.92
17 108 3 101 1251 7.92
18 108 3 101 1006 7.92
19 108 3 101 4060 7.92
20 108 3 101 8724 7.92
21 108 3 101 135 7.92
22 108 3 101 39686 7.92
23 108 3 101 32685 7.92
24 108 3 101 6102 7.92
25 108 3 101 6936 7.92
26 108 3 101 1018 7.92
27 108 3 101 11576 7.92
28 108 3 101 1192 7.92
29 108 3 101 2426 7.92
30 108 3 101 15211 7.92
31 108 3 101 3574 7.92
32 96 4 100 90000 7.70
33 97 4 100 90000 7.70
34 98 4 100 100000 7.70
35 99 4 100 80000 7.70
36 100 4 100 120000 7.70
37 101 4 100 110000 7.70
38 102 4 100 80000 7.70
39 103 4 100 80000 7.70
40 104 4 100 100000 7.70
41 105 4 100 80000 7.70
42 106 4 100 90000 7.70
43 107 4 100 110000 7.70
44 108 4 100 120000 7.70
45 109 4 100 100000 7.70
46 110 4 100 80000 7.70
47 111 4 100 110000 7.70
48 112 4 100 80000 7.70
49 113 4 100 80000 7.70
50 114 4 100 110000 7.70
51 115 4 100 110000 7.70
52 116 4 100 120000 7.70
53 117 4 100 110000 7.70
54 118 4 100 100000 7.70
55 119 4 100 120000 7.70
56 120 4 100 120000 7.70
57 121 4 100 100000 7.70
58 122 4 100 120000 7.70
59 123 4 100 100000 7.70
60 124 4 100 110000 7.70
61 125 4 100 90000 7.70
62 126 4 100 90000 7.70
63 127 4 100 120000 7.70
64 0 4 100 110000 7.70
65 1 4 100 100000 7.70
66 2 4 100 80000 7.70
67 3 4 100 80000 7.70
68 4 4 100 90000 7.70
69 5 4 100 90000 7.70
70 6 4 100 120000 7.70
71 7 4 100 90000 7.70
72 8 4 100 110000 7.70
73 9 4 100 80000 7.70
74 10 4 100 80000 7.70
75 11 4 100 90000 7.70
76 12 4 100 80000 7.70
77 13 4 100 90000 7.70
78 14 4 100 90000 7.70
79 15 4 100 100000 7.70
80 16 4 100 80000 7.70
81 17 4 100 80000 7.70
82 18 4 100 120000 7.70
83 19 4 100 90000 7.70
84 20 4 100 120000 7.70
85 21 4 100 100000 7.70
86 22 4 100 80000 7.70
87 23 4 100 90000 7.70
88 24 4 100 80000 7.70
89 25 4 100 100000 7.70
90 26 4 100 100000 7.70
91 27 4 100 110000 7.70
92 28 4 100 90000 7.70
93 29 4 100 110000 7.70
94 30 4 100 110000 7.70
95 31 4 100 90000 7.70
0 97 3 101 2652 7.70
1 97 3 101 14209 7.70
2 97 3 101 18596 7.70
3 97 3 101 7638 7.70
4 97 3 101 1550 7.70
5 97 3 101 5328 7.70
6 97 3 101 2831 7.70
7 97 3 101 4613 7.70
8 97 3 101 1226 7.70
9 97 3 101 590 7.70
10 97 3 101 2932 7.70
11 97 3 101 752 7.70
12 97 3 101 9577 7.70
13 97 3 101 13445 7.70
14 97 3 101 1113 7.70
15 97 3 101 81953 7.70
16 97 3 101 3876 7.70
17 97 3 101 4414 7.70
18 97 3 101 3165 7.70
19 97 3 101 312 7.70
20 97 3 101 2313 7.70
21 97 3 101 22 7.70
22 97 3 101 5471 7.70
23 97 3 101 672 7.70
24 97 3 101 3043 7.70
25 97 3 101 2976 7.70
26 97 3 101 26070 7.70
27 97 3 101 1931 7.70
28 97 3 101 8489 7.70
29 97 3 101 3052 7.70
30 97 3 101 4092 7.70
31 97 3 101 48906 7.70
0 118 3 101 2308 7.74
1 118 3 101 45300 7.74
2 118 3 101 3850 7.74
3 118 3 101 322 7.74
4 118 3 101 27 7.74
5 118 3 101 7578 7.74
6 118 3 101 5660 7.74
7 118 3 101 3866 7.74
8 118 3 101 59 7.74
9 118 3 101 9972 7.74
10 118 3 101 1074 7.74
11 118 3 101 15038 7.74
12 118 3 101 2343 7.74
13 118 3 101 460 7.74
14 118 3 101 4996 7.74
15 118 3 101 4279 7.74
16 118 3 101 1186 7.74
17 118 3 101 8077 7.74
18 118 3 101 43484 7.74
19 118 3 101 78571 7.74
20 118 3 101 322 7.74
21 118 3 101 877 7.74
22 118 3 101 30316 7.74
23 118 3 101 2129 7.74
24 118 3 101 11188 7.74
25 118 3 101 158 7.74
26 118 3 101 4953 7.74
27 118 3 101 7578 7.74
28 118 3 101 44718 7.74
29 118 3 101 535 7.74
30 118 3 101 2945 7.74
31 118 3 101 16756 7.74
0 112 3 101 956 7.87
1 112 3 101 1898 7.87
2 112 3 101 3443 7.87
3 112 3 101 3752 7.87
4 112 3 101 2008 7.87
5 112 3 101 63 7.87
6 112 3 101 3700 7.87
7 112 3 101 7711 7.87
8 112 3 101 39 7.87
9 112 3 101 3573 7.87
10 112 3 101 46507 7.87
11 112 3 101 16736 7.87
12 112 3 101 3005 7.87
13 112 3 101 26361 7.87
14 112 3 101 937 7.87
15 112 3 101 829 7.87
16 112 3 101 7382 7.87
17 112 3 101 3303 7.87
18 112 3 101 15383 7.87
19 112 3 101 6283 7.87
20 112 3 101 3405 7.87
21 112 3 101 1387 7.87
22 112 3 101 13649 7.87
23 112 3 101 79 7.87
24 112 3 101 5199 7.87
25 112 3 101 116 7.87
26 112 3 101 9988 7.87
27 112 3 101 6965 7.87
28 112 3 101 245 7.87
29 112 3 101 16077 7.87
30 112 3 101 9794 7.87
31 112 3 101 1796 7.87
32 96 4 100 90000 7.80
33 97 4 100 80000 7.80
34 98 4 100 100000 7.80
35 99 4 100 80000 7.80
36 100 4 100 80000 7.80
37 101 4 100 90000 7.80
38 102 4 100 100000 7.80
39 103 4 100 100000 7.80
40 104 4 100 120000 7.80
41 105 4 100 80000 7.80
42 106 4 100 110000 7.80
43 107 4 100 80000 7.80
44 108 4 100 120000 7.80
45 109 4 100 120000 7.80
46 110 4 100 100000 7.80
47 111 4 100 120000 7.80
48 112 4 100 80000 7.80
49 113 4 100 110000 7.80
50 114 4 100 110000 7.80
51 115 4 100 120000 7.80
52 116 4 100 100000 7.80
53 117 4 100 110000 7.80
54 118 4 100 120000 7.80
55 119 4 100 120000 7.80
56 120 4 100 80000 7.80
57 121 4 100 120000 7.80
58 122 4 100 110000 7.80
59 123 4 100 110000 7.80
60 124 4 100 120000 7.80
61 125 4 100 110000 7.80
62 126 4 100 120000 7.80
63 127 4 100 110000 7.80
64 0 4 100 80000 7.80
65 1 4 100 110000 7.80
66 2 4 100 90000 7.80
67 3 4 100 90000 7.80
68 4 4 100 120000 7.80
69 5 4 100 110000 7.80
70 6 4 100 80000 7.80
71 7 4 100 120000 7.80
72 8 4 100 100000 7.80
73 9 4 100 120000 7.80
74 10 4 100 100000 7.80
75 11 4 100 100000 7.80
76 12 4 100 80000 7.80
77 13 4 100 100000 7.80
78 14 4 100 90000 7.80
79 15 4 100 120000 7.80
80 16 4 100 120000 7.80
81 17 4 100 100000 7.80
82 18 4 100 110000 7.80
83 19 4 100 90000 7.80
84 20 4 100 90000 7.80
85 21 4 100 110000 7.80
86 22 4 100 90000 7.80
87 23 4 100 90000 7.80
88 24 4 100 100000 7.80
89 25 4 100 100000 7.80
90 26 4 100 80000 7.80
91 27 4 100 90000 7.80
92 28 4 100 120000 7.80
93 29 4 100 120000 7.80
94 30 4 100 80000 7.80
95 31 4 100 110000 7.80
0 103 3 101 1201 7.80
1 103 3 101 378 7.80
2 103 3 101 5016 7.80
3 103 3 101 10213 7.80
4 103 3 101 14081 7.80
5 103 3 101 3064 7.80
6 103 3 101 33217 7.80
7 103 3 101 178 7.80
8 103 3 101 5521 7.80
9 103 3 101 3226 7.80
10 103 3 101 6995 7.80
11 103 3 101 9329 7.80
12 103 3 101 17943 7.80
13 103 3 101 1187 7.80
14 103 3 101 33931 7.80
15 103 3 101 830 7.80
16 103 3 101 19993 7.80
17 103 3 101 13189 7.80
18 103 3 101 921 7.80
19 103 3 101 10903 7.80
20 103 3 101 32662 7.80
21 103 3 101 2062 7.80
22 103 3 101 3999 7.80
23 103 3 101 2083 7.80
24 103 3 101 894 7.80
25 103 3 101 10866 7.80
26 103 3 101 14917 7.80
27 103 3 101 321 7.80
28 103 3 101 7639 7.80
29 103 3 101 2829 7.80
30 103 3 101 7065 7.80
31 103 3 101 1813 7.80
0 108 3 101 3859 7.90
1 108 3 101 5362 7.90
2 108 3 101 333 7.90
3 108 3 101 15099 7.90
4 108 3 101 9838 7.90
5 108 3 101 119808 7.90
6 108 3 101 5301 7.90
7 108 3 101 5197 7.90
8 108 3 101 4435 7.90
9 108 3 101 3740 7.90
10 108 3 101 912 7.90
11 108 3 101 8623 7.90
12 108 3 101 2787 7.90
13 108 3 101 12070 7.90
14 108 3 101 15061 7.90
15 108 3 101 2158 7.90
16 108 3 101 6476 7.90
17 108 3 101 777 7.90
18 108 3 101 60 7.90
19 108 3 101 2459 7.90
20 108 3 101 5885 7.90
21 108 3 101 20774 7.90
22 108 3 101 2630 7.90
23 108 3 101 17108 7.90
24 108 3 101 7764 7.90
25 108 3 101 2464 7.90
26 108 3 101 1072 7.90
27 108 3 101 2219 7.90
28 108 3 101 8881 7.90
29 108 3 101 4099 7.90
30 108 3 101 2365 7.90
31 108 3 101 3182 7.90
0 96 3 101 1264 7.99
1 96 3 101 4809 7.99
2 96 3 101 232 7.99
3 96 3 101 18645 7.99
4 96 3 101 5206 7.99
5 96 3 101 3667 7.99
6 96 3 101 2436 7.99
7 96 3 101 855 7.99
8 96 3 101 23136 7.99
9 96 3 101 1985 7.99
10 96 3 101 900 7.99
11 96 3 101 372 7.99
12 96 3 101 11515 7.99
13 96 3 101 2009 7.99
14 96 3 101 561 7.99
15 96 3 101 9152 7.99
16 96 3 101 7254 7.99
17 96 3 101 20218 7.99
18 96 3 101 25187 7.99
19 96 3 101 434 7.99
20 96 3 101 1509 7.99
21 96 3 101 3447 7.99
22 96 3 101 1068 7.99
23 96 3 101 35305 7.99
24 96 3 101 13318 7.99
25 96 3 101 735 7.99
26 96 3 101 1200 7.99
27 96 3 101 8153 7.99
28 96 3 101 6762 7.99
29 96 3 101 5596 7.99
30 96 3 101 4591 7.99
31 96 3 101 920 7.99
32 96 4 100 110000 7.90
33 97 4 100 120000 7.90
34 98 4 100 80000 7.90
35 99 4 100 80000 7.90
36 100 4 100 80000 7.90
37 101 4 100 80000 7.90
38 102 4 100 100000 7.90
39 103 4 100 90000 7.90
40 104 4 100 100000 7.90
41 105 4 100 120000 7.90
42 106 4 100 110000 7.90
43 107 4 100 110000 7.90
44 108 4 100 100000 7.90
45 109 4 100 80000 7.90
46 110 4 100 100000 7.90
47 111 4 100 100000 7.90
48 112 4 100 110000 7.90
49 113 4 100 90000 7.90
50 114 4 100 100000 7.90
51 115 4 100 120000 7.90
52 116 4 100 80000 7.90
53 117 4 100 110000 7.90
54 118 4 100 120000 7.90
55 119 4 100 120000 7.90
56 120 4 100 120000 7.90
57 121 4 100 110000 7.90
58 122 4 100 80000 7.90
59 123 4 100 110000 7.90
60 124 4 100 80000 7.90
61 125 4 100 110000 7.90
62 126 4 100 90000 7.90
63 127 4 100 110000 7.90
64 0 4 100 120000 7.90
65 1 4 100 120000 7.90
66 2 4 100 110000 7.90
67 3 4 100 90000 7.90
68 4 4 100 80000 7.90
69 5 4 100 110000 7.90
70 6 4 100 100000 7.90
71 7 4 100 100000 7.90
72 8 4 100 110000 7.90
73 9 4 100 110000 7.90
74 10 4 100 110000 7.90
75 11 4 100 100000 7.90
76 12 4 100 120000 7.90
77 13 4 100 100000 7.90
78 14 4 100 100000 7.90
79 15 4 100 80000 7.90
80 16 4 100 110000 7.90
81 17 4 100 110000 7.90
82 18 4 100 120000 7.90
83 19 4 100 120000 7.90
84 20 4 100 100000 7.90
85 21 4 100 100000 7.90
86 22 4 100 100000 7.90
87 23 4 100 80000 7.90
88 24 4 100 100000 7.90
89 25 4 100 120000 7.90
90 26 4 100 110000 7.90
91 27 4 100 100000 7.90
92 28 4 100 110000 7.90
93 29 4 100 100000 7.90
94 30 4 100 110000 7.90
95 31 4 100 110000 7.90
0 98 3 101 12835 8.04
1 98 3 101 3208 8.04
2 98 3 101 492 8.04
3 98 3 101 12574 8.04
4 98 3 101 28789 8.04
5 98 3 101 206 8.04
6 98 3 101 149 8.04
7 98 3 101 268 8.04
8 98 3 101 5048 8.04
9 98 3 101 7662 8.04
10 98 3 101 85 8.04
11 98 3 101 27 8.04
12 98 3 101 12065 8.04
13 98 3 101 1304 8.04
14 98 3 101 3628 8.04
15 98 3 101 5113 8.04
16 98 3 101 4780 8.04
17 98 3 101 1099 8.04
18 98 3 101 4112 8.04
19 98 3 101 20154 8.04
20 98 3 101 2130 8.04
21 98 3 101 688 8.04
22 98 3 101 37277 8.04
23 98 3 101 5231 8.04
24 98 3 101 1692 8.04
25 98 3 101 5883 8.04
26 98 3 101 816 8.04
27 98 3 101 28097 8.04
28 98 3 101 5929 8.04
29 98 3 101 2560 8.04
30 98 3 101 33703 8.04
31 98 3 101 5715 8.04
32 96 4 100 110000 8.00
33 97 4 100 120000 8.00
34 98 4 100 100000 8.00
35 99 4 100 110000 8.00
36 100 4 100 120000 8.00
37 101 4 100 110000 8.00
38 102 4 100 120000 8.00
39 103 4 100 100000 8.00
40 104 4 100 110000 8.00
41 105 4 100 100000 8.00
42 106 4 100 110000 8.00
43 107 4 100 110000 8.00
44 108 4 100 100000 8.00
45 109 4 100 110000 8.00
46 110 4 100 110000 8.00
47 111 4 100 90000 8.00
48 112 4 100 110000 8.00
49 113 4 100 100000 8.00
50 114 4 100 120000 8.00
51 115 4 100 120000 8.00
52 116 4 100 120000 8.00
53 117 4 100 110000 8.00
54 118 4 100 80000 8.00
55 119 4 100 120000 8.00
56 120 4 100 90000 8.00
57 121 4 100 80000 8.00
58 122 4 100 120000 8.00
59 123 4 100 80000 8.00
60 124 4 100 100000 8.00
61 125 4 100 80000 8.00
62 126 4 100 80000 8.00
63 127 4 100 100000 8.00
64 0 4 100 120000 8.00
65 1 4 100 110000 8.00
66 2 4 100 80000 8.00
67 3 4 100 120000 8.00
68 4 4 100 120000 8.00
69 5 4 100 80000 8.00
70 6 4 100 120000 8.00
71 7 4 100 100000 8.00
72 8 4 100 120000 8.00
73 9 4 100 80000 8.00
74 10 4 100 120000 8.00
75 11 4 100 80000 8.00
76 12 4 100 80000 8.00
77 13 4 100 80000 8.00
78 14 4 100 120000 8.00
79 15 4 100 90000 8.00
80 16 4 100 120000 8.00
81 17 4 100 100000 8.00
82 18 4 100 120000 8.00
83 19 4 100 110000 8.00
84 20 4 100 90000 8.00
85 21 4 100 110000 8.00
86 22 4 100 80000 8.00
87 23 4 100 110000 8.00
88 24 4 100 120000 8.00
89 25 4 100 80000 8.00
90 26 4 100 120000 8.00
91 27 4 100 80000 8.00
92 28 4 100 120000 8.00
93 29 4 100 90000 8.00
94 30 4 100 110000 8.00
95 31 4 100 120000 8.00
0 98 3 101 15790 8.02
1 98 3 101 1189 8.02
2 98 3 101 3370 8.02
3 98 3 101 8592 8.02
4 98 3 101 106778 8.02
5 98 3 101 3199 8.02
6 98 3 101 13671 8.02
7 98 3 101 1416 8.02
8 98 3 101 2796 8.02
9 98 3 101 47056 8.02
10 98 3 101 3304 8.02
11 98 3 101 2567 8.02
12 98 3 101 1342 8.02
13 98 3 101 435 8.02
14 98 3 101 14761 8.02
15 98 3 101 51 8.02
16 98 3 101 224 8.02
17 98 3 101 6096 8.02
18 98 3 101 3502 8.02
19 98 3 101 9455 8.02
20 98 3 101 322 8.02
21 98 3 101 858 8.02
22 98 3 101 990 8.02
23 98 3 101 6458 8.02
24 98 3 101 3395 8.02
25 98 3 101 851 8.02
26 98 3 101 91 8.02
27 98 3 101 413 8.02
28 98 3 101 546 8.02
29 98 3 101 3771 8.02
30 98 3 101 1696 8.02
31 98 3 101 750 8.02
32 96 4 100 120000 8.10
33 97 4 100 80000 8.10
34 98 4 100 100000 8.10
35 99 4 100 100000 8.10
36 100 4 100 90000 8.10
37 101 4 100 120000 8.10
38 102 4 100 90000 8.10
39 103 4 100 120000 8.10
40 104 4 100 100000 8.10
41 105 4 100 120000 8.10
42 106 4 100 120000 8.10
43 107 4 100 100000 8.10
44 108 4 100 110000 8.10
45 109 4 100 120000 8.10
46 110 4 100 80000 8.10
47 111 4 100 80000 8.10
48 112 4 100 100000 8.10
49 113 4 100 110000 8.10
50 114 4 100 100000 8.10
51 115 4 100 110000 8.10
52 116 4 100 90000 8.10
53 117 4 100 110000 8.10
54 118 4 100 120000 8.10
55 119 4 100 120000 8.10
56 120 4 100 100000 8.10
57 121 4 100 120000 8.10
58 122 4 100 120000 8.10
59 123 4 100 110000 8.10
60 124 4 100 80000 8.10
61 125 4 100 120000 8.10
62 126 4 100 100000 8.10
63 127 4 100 100000 8.10
64 0 4 100 100000 8.10
65 1 4 100 100000 8.10
66 2 4 100 100000 8.10
67 3 4 100 80000 8.10
68 4 4 100 80000 8.10
69 5 4 100 110000 8.10
70 6 4 100 90000 8.10
71 7 4 100 110000 8.10
72 8 4 100 90000 8.10
73 9 4 100 120000 8.10
74 10 4 100 110000 8.10
75 11 4 100 80000 8.10
76 12 4 100 110000 8.10
77 13 4 100 110000 8.10
78 14 4 100 100000 8.10
79 15 4 100 100000 8.10
80 16 4 100 100000 8.10
81 17 4 100 120000 8.10
82 18 4 100 100000 8.10
83 19 4 100 90000 8.10
84 20 4 100 100000 8.10
85 21 4 100 90000 8.10
86 22 4 100 80000 8.10
87 23 4 100 80000 8.10
88 24 4 100 80000 8.10
89 25 4 100 80000 8.10
90 26 4 100 100000 8.10
91 27 4 100 110000 8.10
92 28 4 100 120000 8.10
93 29 4 100 90000 8.10
94 30 4 100 80000 8.10
95 31 4 100 100000 8.10
32 96 4 100 120000 8.20
33 97 4 100 90000 8.20
34 98 4 100 120000 8.20
35 99 4 100 110000 8.20
36 100 4 100 110000 8.20
37 101 4 100 90000 8.20
38 102 4 100 90000 8.20
39 103 4 100 100000 8.20
40 104 4 100 110000 8.20
41 105 4 100 120000 8.20
42 106 4 100 120000 8.20
43 107 4 100 120000 8.20
44 108 4 100 90000 8.20
45 109 4 100 100000 8.20
46 110 4 100 100000 8.20
47 111 4 100 120000 8.20
48 112 4 100 100000 8.20
49 113 4 100 100000 8.20
50 114 4 100 100000 8.20
51 115 4 100 80000 8.20
52 116 4 100 120000 8.20
53 117 4 100 80000 8.20
54 118 4 100 110000 8.20
55 119 4 100 90000 8.20
56 120 4 100 120000 8.20
57 121 4 100 90000 8.20
58 122 4 100 100000 8.20
59 123 4 100 90000 8.20
60 124 4 100 100000 8.20
61 125 4 100 90000 8.20
62 126 4 100 110000 8.20
63 127 4 100 90000 8.20
64 0 4 100 80000 8.20
65 1 4 100 110000 8.20
66 2 4 100 80000 8.20
67 3 4 100 110000 8.20
68 4 4 100 100000 8.20
69 5 4 100 90000 8.20
70 6 4 100 80000 8.20
71 7 4 100 120000 8.20
72 8 4 100 100000 8.20
73 9 4 100 100000 8.20
74 10 4 100 80000 8.20
75 11 4 100 90000 8.20
76 12 4 100 90000 8.20
77 13 4 100 80000 8.20
78 14 4 100 100000 8.20
79 15 4 100 110000 8.20
80 16 4 100 120000 8.20
81 17 4 100 120000 8.20
82 18 4 100 80000 8.20
83 19 4 100 120000 8.20
84 20 4 100 100000 8.20
85 21 4 100 110000 8.20
86 22 4 100 110000 8.20
87 23 4 100 120000 8.20
88 24 4 100 120000 8.20
89 25 4 100 120000 8.20
90 26 4 100 120000 8.20
91 27 4 100 80000 8.20
92 28 4 100 100000 8.20
93 29 4 100 90000 8.20
94 30 4 100 80000 8.20
95 31 4 100 80000 8.20
32 96 4 100 120000 8.30
33 97 4 100 110000 8.30
34 98 4 100 80000 8.30
35 99 4 100 90000 8.30
36 100 4 100 80000 8.30
37 101 4 100 80000 8.30
38 102 4 100 120000 8.30
39 103 4 100 80000 8.30
40 104 4 100 110000 8.30
41 105 4 100 80000 8.30
42 106 4 100 90000 8.30
43 107 4 100 100000 8.30
44 108 4 100 100000 8.30
45 109 4 100 120000 8.30
46 110 4 100 100000 8.30
47 111 4 100 120000 8.30
48 112 4 100 110000 8.30
49 113 4 100 100000 8.30
50 114 4 100 100000 8.30
51 115 4 100 80000 8.30
52 116 4 100 90000 8.30
53 117 4 100 90000 8.30
54 118 4 100 100000 8.30
55 119 4 100 110000 8.30
56 120 4 100 100000 8.30
57 121 4 100 80000 8.30
58 122 4 100 120000 8.30
59 123 4 100 110000 8.30
60 124 4 100 80000 8.30
61 125 4 100 100000 8.30
62 126 4 100 110000 8.30
63 127 4 100 90000 8.30
64 0 4 100 100000 8.30
65 1 4 100 80000 8.30
66 2 4 100 80000 8.30
67 3 4 100 120000 8.30
68 4 4 100 100000 8.30
69 5 4 100 120000 8.30
70 6 4 100 80000 8.30
71 7 4 100 90000 8.30
72 8 4 100 120000 8.30
73 9 4 100 100000 8.30
74 10 4 100 100000 8.30
75 11 4 100 90000 8.30
76 12 4 100 110000 8.30
77 13 4 100 110000 8.30
78 14 4 100 110000 8.30
79 15 4 100 100000 8.30
80 16 4 100 100000 8.30
81 17 4 100 90000 8.30
82 18 4 100 80000 8.30
83 19 4 100 100000 8.30
84 20 4 100 90000 8.30
85 21 4 100 120000 8.30
86 22 4 100 80000 8.30
87 23 4 100 110000 8.30
88 24 4 100 90000 8.30
89 25 4 100 90000 8.30
90 26 4 100 90000 8.30
91 27 4 100 90000 8.30
92 28 4 100 90000 8.30
93 29 4 100 80000 8.30
94 30 4 100 100000 8.30
95 31 4 100 110000 8.30
32 96 4 100 80000 8.40
33 97 4 100 120000 8.40
34 98 4 100 100000 8.40
35 99 4 100 90000 8.40
36 100 4 100 80000 8.40
37 101 4 100 120000 8.40
38 102 4 100 120000 8.40
39 103 4 100 120000 8.40
40 104 4 100 80000 8.40
41 105 4 100 90000 8.40
42 106 4 100 90000 8.40
43 107 4 100 120000 8.40
44 108 4 100 100000 8.40
45 109 4 100 100000 8.40
46 110 4 100 110000 8.40
47 111 4 100 100000 8.40
48 112 4 100 90000 8.40
49 113 4 100 80000 8.40
50 114 4 100 80000 8.40
51 115 4 100 120000 8.40
52 116 4 100 110000 8.40
53 117 4 100 110000 8.40
54 118 4 100 80000 8.40
55 119 4 100 80000 8.40
56 120 4 100 120000 8.40
57 121 4 100 100000 8.40
58 122 4 100 110000 8.40
59 123 4 100 80000 8.40
60 124 4 100 120000 8.40
61 125 4 100 80000 8.40
62 126 4 100 90000 8.40
63 127 4 100 120000 8.40
64 0 4 100 90000 8.40
65 1 4 100 120000 8.40
66 2 4 100 100000 8.40
67 3 4 100 90000 8.40
68 4 4 100 110000 8.40
69 5 4 100 110000 8.40
70 6 4 100 90000 8.40
71 7 4 100 90000 8.40
72 8 4 100 110000 8.40
73 9 4 100 100000 8.40
74 10 4 100 80000 8.40
75 11 4 100 100000 8.40
76 12 4 100 80000 8.40
77 13 4 100 120000 8.40
78 14 4 100 120000 8.40
79 15 4 100 110000 8.40
80 16 4 100 100000 8.40
81 17 4 100 110000 8.40
82 18 4 100 90000 8.40
83 19 4 100 110000 8.40
84 20 4 100 120000 8.40
85 21 4 100 90000 8.40
86 22 4 100 110000 8.40
87 23 4 100 80000 8.40
88 24 4 100 100000 8.40
89 25 4 100 120000 8.40
90 26 4 100 90000 8.40
91 27 4 100 110000 8.40
92 28 4 100 80000 8.40
93 29 4 100 120000 8.40
94 30 4 100 90000 8.40
95 31 4 100 110000 8.40
32 96 4 100 100000 8.50
33 97 4 100 110000 8.50
34 98 4 100 80000 8.50
35 99 4 100 110000 8.50
36 100 4 100 90000 8.50
37 101 4 100 110000 8.50
38 102 4 100 120000 8.50
39 103 4 100 110000 8.50
40 104 4 100 110000 8.50
41 105 4 100 110000 8.50
42 106 4 100 90000 8.50
43 107 4 100 80000 8.50
44 108 4 100 100000 8.50
45 109 4 100 120000 8.50
46 110 4 100 100000 8.50
47 111 4 100 100000 8.50
48 112 4 100 90000 8.50
49 113 4 100 100000 8.50
50 114 4 100 90000 8.50
51 115 4 100 110000 8.50
52 116 4 100 120000 8.50
53 117 4 100 120000 8.50
54 118 4 100 100000 8.50
55 119 4 100 100000 8.50
56 120 4 100 80000 8.50
57 121 4 100 90000 8.50
58 122 4 100 90000 8.50
59 123 4 100 100000 8.50
60 124 4 100 100000 8.50
61 125 4 100 90000 8.50
62 126 4 100 90000 8.50
63 127 4 100 120000 8.50
64 0 4 100 100000 8.50
65 1 4 100 100000 8.50
66 2 4 100 90000 8.50
67 3 4 100 100000 8.50
68 4 4 100 110000 8.50
69 5 4 100 100000 8.50
70 6 4 100 90000 8.50
71 7 4 100 80000 8.50
72 8 4 100 120000 8.50
73 9 4 100 80000 8.50
74 10 4 100 110000 8.50
75 11 4 100 80000 8.50
76 12 4 100 110000 8.50
77 13 4 100 120000 8.50
78 14 4 100 120000 8.50
79 15 4 100 110000 8.50
80 16 4 100 80000 8.50
81 17 4 100 120000 8.50
82 18 4 100 80000 8.50
83 19 4 100 80000 8.50
84 20 4 100 100000 8.50
85 21 4 100 90000 8.50
86 22 4 100 90000 8.50
87 23 4 100 100000 8.50
88 24 4 100 80000 8.50
89 25 4 100 120000 8.50
90 26 4 100 80000 8.50
91 27 4 100 110000 8.50
92 28 4 100 110000 8.50
93 29 4 100 90000 8.50
94 30 4 100 80000 8.50
95 31 4 100 100000 8.50
32 96 4 100 90000 8.60
33 97 4 100 100000 8.60
34 98 4 100 110000 8.60
35 99 4 100 100000 8.60
36 100 4 100 90000 8.60
37 101 4 100 110000 8.60
38 102 4 100 90000 8.60
39 103 4 100 90000 8.60
40 104 4 100 80000 8.60
41 105 4 100 80000 8.60
42 106 4 100 120000 8.60
43 107 4 100 90000 8.60
44 108 4 100 100000 8.60
45 109 4 100 100000 8.60
46 110 4 100 100000 8.60
47 111 4 100 80000 8.60
48 112 4 100 120000 8.60
49 113 4 100 100000 8.60
50 114 4 100 110000 8.60
51 115 4 100 110000 8.60
52 116 4 100 110000 8.60
53 117 4 100 80000 8.60
54 118 4 100 110000 8.60
55 119 4 100 90000 8.60
56 120 4 100 80000 8.60
57 121 4 100 100000 8.60
58 122 4 100 110000 8.60
59 123 4 100 110000 8.60
60 124 4 100 110000 8.60
61 125 4 100 100000 8.60
62 126 4 100 100000 8.60
63 127 4 100 120000 8.60
64 0 4 100 90000 8.60
65 1 4 100 90000 8.60
66 2 4 100 80000 8.60
67 3 4 100 90000 8.60
68 4 4 100 110000 8.60
69 5 4 100 120000 8.60
70 6 4 100 80000 8.60
71 7 4 100 100000 8.60
72 8 4 100 100000 8.60
73 9 4 100 110000 8.60
74 10 4 100 90000 8.60
75 11 4 100 80000 8.60
76 12 4 100 80000 8.60
77 13 4 100 100000 8.60
78 14 4 100 100000 8.60
79 15 4 100 100000 8.60
80 16 4 100 100000 8.60
81 17 4 100 120000 8.60
82 18 4 100 80000 8.60
83 19 4 100 120000 8.60
84 20 4 100 110000 8.60
85 21 4 100 110000 8.60
86 22 4 100 110000 8.60
87 23 4 100 110000 8.60
88 24 4 100 90000 8.60
89 25 4 100 120000 8.60
90 26 4 100 80000 8.60
91 27 4 100 90000 8.60
92 28 4 100 90000 8.60
93 29 4 100 110000 8.60
94 30 4 100 80000 8.60
95 31 4 100 90000 8.60
32 96 4 100 90000 8.70
33 97 4 100 120000 8.70
34 98 4 100 110000 8.70
35 99 4 100 120000 8.70
36 100 4 100 90000 8.70
37 101 4 100 90000 8.70
38 102 4 100 120000 8.70
39 103 4 100 90000 8.70
40 104 4 100 90000 8.70
41 105 4 100 90000 8.70
42 106 4 100 120000 8.70
43 107 4 100 80000 8.70
44 108 4 100 110000 8.70
45 109 4 100 100000 8.70
46 110 4 100 100000 8.70
47 111 4 100 90000 8.70
48 112 4 100 90000 8.70
49 113 4 100 90000 8.70
50 114 4 100 80000 8.70
51 115 4 100 110000 8.70
52 116 4 100 110000 8.70
53 117 4 100 120000 8.70
54 118 4 100 80000 8.70
55 119 4 100 120000 8.70
56 120 4 100 120000 8.70
57 121 4 100 120000 8.70
58 122 4 100 80000 8.70
59 123 4 100 120000 8.70
60 124 4 100 80000 8.70
61 125 4 100 120000 8.70
62 126 4 100 80000 8.70
63 127 4 100 110000 8.70
64 0 4 100 120000 8.70
65 1 4 100 120000 8.70
66 2 4 100 110000 8.70
67 3 4 100 80000 8.70
68 4 4 100 100000 8.70
69 5 4 100 120000 8.70
70 6 4 100 80000 8.70
71 7 4 100 110000 8.70
72 8 4 100 110000 8.70
73 9 4 100 90000 8.70
74 10 4 100 120000 8.70
75 11 4 100 90000 8.70
76 12 4 100 80000 8.70
77 13 4 100 80000 8.70
78 14 4 100 80000 8.70
79 15 4 100 110000 8.70
80 16 4 100 80000 8.70
81 17 4 100 90000 8.70
82 18 4 100 120000 8.70
83 19 4 100 120000 8.70
84 20 4 100 90000 8.70
85 21 4 100 100000 8.70
86 22 4 100 110000 8.70
87 23 4 100 90000 8.70
88 24 4 100 90000 8.70
89 25 4 100 120000 8.70
90 26 4 100 110000 8.70
91 27 4 100 100000 8.70
92 28 4 100 110000 8.70
93 29 4 100 100000 8.70
94 30 4 100 90000 8.70
95 31 4 100 80000 8.70
32 96 4 100 90000 8.80
33 97 4 100 80000 8.80
34 98 4 100 80000 8.80
35 99 4 100 90000 8.80
36 100 4 100 80000 8.80
37 101 4 100 80000 8.80
38 102 4 100 110000 8.80
39 103 4 100 110000 8.80
40 104 4 100 110000 8.80
41 105 4 100 80000 8.80
42 106 4 100 120000 8.80
43 107 4 100 90000 8.80
44 108 4 100 90000 8.80
45 109 4 100 110000 8.80
46 110 4 100 120000 8.80
47 111 4 100 100000 8.80
48 112 4 100 80000 8.80
49 113 4 100 80000 8.80
50 114 4 100 90000 8.80
51 115 4 100 100000 8.80
52 116 4 100 100000 8.80
53 117 4 100 100000 8.80
54 118 4 100 80000 8.80
55 119 4 100 90000 8.80
56 120 4 100 120000 8.80
57 121 4 100 100000 8.80
58 122 4 100 120000 8.80
59 123 4 100 100000 8.80
60 124 4 100 90000 8.80
61 125 4 100 110000 8.80
62 126 4 100 80000 8.80
63 127 4 100 100000 8.80
64 0 4 100 80000 8.80
65 1 4 100 80000 8.80
66 2 4 100 110000 8.80
67 3 4 100 100000 8.80
68 4 4 100 80000 8.80
69 5 4 100 120000 8.80
70 6 4 100 90000 8.80
71 7 4 100 80000 8.80
72 8 4 100 100000 8.80
73 9 4 100 120000 8.80
74 10 4 100 110000 8.80
75 11 4 100 80000 8.80
76 12 4 100 90000 8.80
77 13 4 100 120000 8.80
78 14 4 100 80000 8.80
79 15 4 100 110000 8.80
80 16 4 100 110000 8.80
81 17 4 100 100000 8.80
82 18 4 100 120000 8.80
83 19 4 100 100000 8.80
84 20 4 100 80000 8.80
85 21 4 100 100000 8.80
86 22 4 100 90000 8.80
87 23 4 100 110000 8.80
88 24 4 100 80000 8.80
89 25 4 100 80000 8.80
90 26 4 100 120000 8.80
91 27 4 100 120000 8.80
92 28 4 100 90000 8.80
93 29 4 100 110000 8.80
94 30 4 100 80000 8.80
95 31 4 100 110000 8.80
32 96 4 100 100000 8.90
33 97 4 100 110000 8.90
34 98 4 100 120000 8.90
35 99 4 100 100000 8.90
36 100 4 100 80000 8.90
37 101 4 100 110000 8.90
38 102 4 100 120000 8.90
39 103 4 100 110000 8.90
40 104 4 100 120000 8.90
41 105 4 100 100000 8.90
42 106 4 100 100000 8.90
43 107 4 100 100000 8.90
44 108 4 100 120000 8.90
45 109 4 100 100000 8.90
46 110 4 100 90000 8.90
47 111 4 100 80000 8.90
48 112 4 100 110000 8.90
49 113 4 100 100000 8.90
50 114 4 100 80000 8.90
51 115 4 100 120000 8.90
52 116 4 100 90000 8.90
53 117 4 100 80000 8.90
54 118 4 100 100000 8.90
55 119 4 100 120000 8.90
56 120 4 100 100000 8.90
57 121 4 100 80000 8.90
58 122 4 100 100000 8.90
59 123 4 100 110000 8.90
60 124 4 100 110000 8.90
61 125 4 100 80000 8.90
62 126 4 100 90000 8.90
63 127 4 100 100000 8.90
64 0 4 100 100000 8.90
65 1 4 100 110000 8.90
66 2 4 100 90000 8.90
67 3 4 100 110000 8.90
68 4 4 100 120000 8.90
69 5 4 100 110000 8.90
70 6 4 100 110000 8.90
71 7 4 100 100000 8.90
72 8 4 100 120000 8.90
73 9 4 100 110000 8.90
74 10 4 100 100000 8.90
75 11 4 100 110000 8.90
76 12 4 100 80000 8.90
77 13 4 100 90000 8.90
78 14 4 100 110000 8.90
79 15 4 100 90000 8.90
80 16 4 100 100000 8.90
81 17 4 100 80000 8.90
82 18 4 100 100000 8.90
83 19 4 100 110000 8.90
84 20 4 100 110000 8.90
85 21 4 100 80000 8.90
86 22 4 100 120000 8.90
87 23 4 100 120000 8.90
88 24 4 100 110000 8.90
89 25 4 100 90000 8.90
90 26 4 100 80000 8.90
91 27 4 100 110000 8.90
92 28 4 100 110000 8.90
93 29 4 100 100000 8.90
94 30 4 100 90000 8.90
95 31 4 100 80000 8.90
32 96 4 100 100000 9.00
33 97 4 100 80000 9.00
34 98 4 100 120000 9.00
35 99 4 100 100000 9.00
36 100 4 100 100000 9.00
37 101 4 100 90000 9.00
38 102 4 100 100000 9.00
39 103 4 100 100000 9.00
40 104 4 100 110000 9.00
41 105 4 100 110000 9.00
42 106 4 100 80000 9.00
43 107 4 100 80000 9.00
44 108 4 100 80000 9.00
45 109 4 100 110000 9.00
46 110 4 100 80000 9.00
47 111 4 100 80000 9.00
48 112 4 100 100000 9.00
49 113 4 100 90000 9.00
50 114 4 100 80000 9.00
51 115 4 100 110000 9.00
52 116 4 100 90000 9.00
53 117 4 100 90000 9.00
54 118 4 100 110000 9.00
55 119 4 100 80000 9.00
56 120 4 100 90000 9.00
57 121 4 100 90000 9.00
58 122 4 100 120000 9.00
59 123 4 100 120000 9.00
60 124 4 100 110000 9.00
61 125 4 100 100000 9.00
62 126 4 100 120000 9.00
63 127 4 100 90000 9.00
64 0 4 100 120000 9.00
65 1 4 100 90000 9.00
66 2 4 100 90000 9.00
67 3 4 100 90000 9.00
68 4 4 100 110000 9.00
69 5 4 100 90000 9.00
70 6 4 100 100000 9.00
71 7 4 100 100000 9.00
72 8 4 100 110000 9.00
73 9 4 100 90000 9.00
74 10 4 100 90000 9.00
75 11 4 100 100000 9.00
76 12 4 100 120000 9.00
77 13 4 100 80000 9.00
78 14 4 100 100000 9.00
79 15 4 100 110000 9.00
80 16 4 100 80000 9.00
81 17 4 100 100000 9.00
82 18 4 100 120000 9.00
83 19 4 100 90000 9.00
84 20 4 100 120000 9.00
85 21 4 100 110000 9.00
86 22 4 100 80000 9.00
87 23 4 100 110000 9.00
88 24 4 100 100000 9.00
89 25 4 100 80000 9.00
90 26 4 100 120000 9.00
91 27 4 100 90000 9.00
92 28 4 100 80000 9.00
93 29 4 100 120000 9.00
94 30 4 100 120000 9.00
95 31 4 100 120000 9.00
32 96 4 100 110000 9.10
33 97 4 100 120000 9.10
34 98 4 100 100000 9.10
35 99 4 100 90000 9.10
36 100 4 100 90000 9.10
37 101 4 100 90000 9.10
38 102 4 100 90000 9.10
39 103 4 100 90000 9.10
40 104 4 100 120000 9.10
41 105 4 100 80000 9.10
42 106 4 100 100000 9.10
43 107 4 100 100000 9.10
44 108 4 100 110000 9.10
45 109 4 100 120000 9.10
46 110 4 100 120000 9.10
47 111 4 100 110000 9.10
48 112 4 100 120000 9.10
49 113 4 100 110000 9.10
50 114 4 100 110000 9.10
51 115 4 100 80000 9.10
52 116 4 100 80000 9.10
53 117 4 100 120000 9.10
54 118 4 100 100000 9.10
55 119 4 100 100000 9.10
56 120 4 100 110000 9.10
57 121 4 100 90000 9.10
58 122 4 100 80000 9.10
59 123 4 100 110000 9.10
60 124 4 100 100000 9.10
61 125 4 100 110000 9.10
62 126 4 100 90000 9.10
63 127 4 100 80000 9.10
64 0 4 100 100000 9.10
65 1 4 100 110000 9.10
66 2 4 100 100000 9.10
67 3 4 100 120000 9.10
68 4 4 100 110000 9.10
69 5 4 100 80000 9.10
70 6 4 100 110000 9.10
71 7 4 100 90000 9.10
72 8 4 100 90000 9.10
73 9 4 100 110000 9.10
74 10 4 100 120000 9.10
75 11 4 100 80000 9.10
76 12 4 100 100000 9.10
77 13 4 100 120000 9.10
78 14 4 100 120000 9.10
79 15 4 100 110000 9.10
80 16 4 100 80000 9.10
81 17 4 100 120000 9.10
82 18 4 100 80000 9.10
83 19 4 100 120000 9.10
84 20 4 100 120000 9.10
85 21 4 100 80000 9.10
86 22 4 100 90000 9.10
87 23 4 100 110000 9.10
88 24 4 100 110000 9.10
89 25 4 100 120000 9.10
90 26 4 100 80000 9.10
91 27 4 100 110000 9.10
92 28 4 100 120000 9.10
93 29 4 100 100000 9.10
94 30 4 100 110000 9.10
95 31 4 100 110000 9.10
32 96 4 100 120000 9.20
33 97 4 100 120000 9.20
34 98 4 100 80000 9.20
35 99 4 100 100000 9.20
36 100 4 100 120000 9.20
37 101 4 100 120000 9.20
38 102 4 100 90000 9.20
39 103 4 100 80000 9.20
40 104 4 100 100000 9.20
41 105 4 100 100000 9.20
42 106 4 100 110000 9.20
43 107 4 100 120000 9.20
44 108 4 100 90000 9.20
45 109 4 100 110000 9.20
46 110 4 100 120000 9.20
47 111 4 100 120000 9.20
48 112 4 100 80000 9.20
49 113 4 100 110000 9.20
50 114 4 100 80000 9.20
51 115 4 100 110000 9.20
52 116 4 100 110000 9.20
53 117 4 100 80000 9.20
54 118 4 100 90000 9.20
55 119 4 100 100000 9.20
56 120 4 100 120000 9.20
57 121 4 100 110000 9.20
58 122 4 100 110000 9.20
59 123 4 100 90000 9.20
60 124 4 100 90000 9.20
61 125 4 100 120000 9.20
62 126 4 100 100000 9.20
63 127 4 100 110000 9.20
64 0 4 100 90000 9.20
65 1 4 100 100000 9.20
66 2 4 100 100000 9.20
67 3 4 100 120000 9.20
68 4 4 100 100000 9.20
69 5 4 100 110000 9.20
70 6 4 100 110000 9.20
71 7 4 100 120000 9.20
72 8 4 100 80000 9.20
73 9 4 100 90000 9.20
74 10 4 100 110000 9.20
75 11 4 100 90000 9.20
76 12 4 100 90000 9.20
77 13 4 100 80000 9.20
78 14 4 100 110000 9.20
79 15 4 100 110000 9.20
80 16 4 100 100000 9.20
81 17 4 100 110000 9.20
82 18 4 100 90000 9.20
83 19 4 100 110000 9.20
84 20 4 100 100000 9.20
85 21 4 100 90000 9.20
86 22 4 100 90000 9.20
87 23 4 100 120000 9.20
88 24 4 100 120000 9.20
89 25 4 100 110000 9.20
90 26 4 100 120000 9.20
91 27 4 100 100000 9.20
92 28 4 100 90000 9.20
93 29 4 100 100000 9.20
94 30 4 100 110000 9.20
95 31 4 100 90000 9.20
32 96 4 100 110000 9.30
33 97 4 100 120000 9.30
34 98 4 100 100000 9.30
35 99 4 100 120000 9.30
36 100 4 100 100000 9.30
37 101 4 100 120000 9.30
38 102 4 100 120000 9.30
39 103 4 100 90000 9.30
40 104 4 100 90000 9.30
41 105 4 100 80000 9.30
42 106 4 100 120000 9.30
43 107 4 100 100000 9.30
44 108 4 100 100000 9.30
45 109 4 100 80000 9.30
46 110 4 100 120000 9.30
47 111 4 100 90000 9.30
48 112 4 100 120000 9.30
49 113 4 100 90000 9.30
50 114 4 100 90000 9.30
51 115 4 100 110000 9.30
52 116 4 100 110000 9.30
53 117 4 100 110000 9.30
54 118 4 100 90000 9.30
55 119 4 100 80000 9.30
56 120 4 100 90000 9.30
57 121 4 100 90000 9.30
58 122 4 100 110000 9.30
59 123 4 100 90000 9.30
60 124 4 100 80000 9.30
61 125 4 100 80000 9.30
62 126 4 100 80000 9.30
63 127 4 100 90000 9.30
64 0 4 100 120000 9.30
65 1 4 100 80000 9.30
66 2 4 100 120000 9.30
67 3 4 100 90000 9.30
68 4 4 100 120000 9.30
69 5 4 100 110000 9.30
70 6 4 100 110000 9.30
71 7 4 100 120000 9.30
72 8 4 100 110000 9.30
73 9 4 100 120000 9.30
74 10 4 100 120000 9.30
75 11 4 100 120000 9.30
76 12 4 100 110000 9.30
77 13 4 100 120000 9.30
78 14 4 100 110000 9.30
79 15 4 100 80000 9.30
80 16 4 100 100000 9.30
81 17 4 100 100000 9.30
82 18 4 100 120000 9.30
83 19 4 100 100000 9.30
84 20 4 100 120000 9.30
85 21 4 100 80000 9.30
86 22 4 100 100000 9.30
87 23 4 100 80000 9.30
88 24 4 100 110000 9.30
89 25 4 100 100000 9.30
90 26 4 100 80000 9.30
91 27 4 100 110000 9.30
92 28 4 100 120000 9.30
93 29 4 100 110000 9.30
94 30 4 100 120000 9.30
95 31 4 100 90000 9.30
32 96 4 100 80000 9.40
33 97 4 100 80000 9.40
34 98 4 100 90000 9.40
35 99 4 100 100000 9.40
36 100 4 100 90000 9.40
37 101 4 100 90000 9.40
38 102 4 100 110000 9.40
39 103 4 100 110000 9.40
40 104 4 100 80000 9.40
41 105 4 100 120000 9.40
42 106 4 100 110000 9.40
43 107 4 100 100000 9.40
44 108 4 100 110000 9.40
45 109 4 100 110000 9.40
46 110 4 100 90000 9.40
47 111 4 100 120000 9.40
48 112 4 100 90000 9.40
49 113 4 100 120000 9.40
50 114 4 100 90000 9.40
51 115 4 100 90000 9.40
52 116 4 100 100000 9.40
53 117 4 100 90000 9.40
54 118 4 100 90000 9.40
55 119 4 100 90000 9.40
56 120 4 100 90000 9.40
57 121 4 100 110000 9.40
58 122 4 100 100000 9.40
59 123 4 100 90000 9.40
60 124 4 100 80000 9.40
61 125 4 100 110000 9.40
62 126 4 100 100000 9.40
63 127 4 100 120000 9.40
64 0 4 100 110000 9.40
65 1 4 100 90000 9.40
66 2 4 100 100000 9.40
67 3 4 100 80000 9.40
68 4 4 100 120000 9.40
69 5 4 100 90000 9.40
70 6 4 100 100000 9.40
71 7 4 100 110000 9.40
72 8 4 100 80000 9.40
73 9 4 100 110000 9.40
74 10 4 100 80000 9.40
75 11 4 100 100000 9.40
76 12 4 100 100000 9.40
77 13 4 100 110000 9.40
78 14 4 100 110000 9.40
79 15 4 100 120000 9.40
80 16 4 100 100000 9.40
81 17 4 100 120000 9.40
82 18 4 100 110000 9.40
83 19 4 100 80000 9.40
84 20 4 100 80000 9.40
85 21 4 100 80000 9.40
86 22 4 100 120000 9.40
87 23 4 100 100000 9.40
88 24 4 100 100000 9.40
89 25 4 100 80000 9.40
90 26 4 100 100000 9.40
91 27 4 100 80000 9.40
92 28 4 100 80000 9.40
93 29 4 100 100000 9.40
94 30 4 100 120000 9.40
95 31 4 100 120000 9.40
32 96 4 100 80000 9.50
33 97 4 100 100000 9.50
34 98 4 100 90000 9.50
35 99 4 100 80000 9.50
36 100 4 100 90000 9.50
37 101 4 100 120000 9.50
38 102 4 100 110000 9.50
39 103 4 100 100000 9.50
40 104 4 100 90000 9.50
41 105 4 100 90000 9.50
42 106 4 100 80000 9.50
43 107 4 100 100000 9.50
44 108 4 100 90000 9.50
45 109 4 100 100000 9.50
46 110 4 100 90000 9.50
47 111 4 100 80000 9.50
48 112 4 100 90000 9.50
49 113 4 100 100000 9.50
50 114 4 100 110000 9.50
51 115 4 100 110000 9.50
52 116 4 100 110000 9.50
53 117 4 100 120000 9.50
54 118 4 100 80000 9.50
55 119 4 100 120000 9.50
56 120 4 100 110000 9.50
57 121 4 100 100000 9.50
58 122 4 100 80000 9.50
59 123 4 100 90000 9.50
60 124 4 100 80000 9.50
61 125 4 100 90000 9.50
62 126 4 100 100000 9.50
63 127 4 100 90000 9.50
64 0 4 100 90000 9.50
65 1 4 100 100000 9.50
66 2 4 100 120000 9.50
67 3 4 100 80000 9.50
68 4 4 100 80000 9.50
69 5 4 100 110000 9.50
70 6 4 100 100000 9.50
71 7 4 100 120000 9.50
72 8 4 100 90000 9.50
73 9 4 100 90000 9.50
74 10 4 100 110000 9.50
75 11 4 100 90000 9.50
76 12 4 100 90000 9.50
77 13 4 100 80000 9.50
78 14 4 100 120000 9.50
79 15 4 100 120000 9.50
80 16 4 100 90000 9.50
81 17 4 100 120000 9.50
82 18 4 100 120000 9.50
83 19 4 100 120000 9.50
84 20 4 100 90000 9.50
85 21 4 100 100000 9.50
86 22 4 100 120000 9.50
87 23 4 100 80000 9.50
88 24 4 100 100000 9.50
89 25 4 100 100000 9.50
90 26 4 100 120000 9.50
91 27 4 100 90000 9.50
92 28 4 100 90000 9.50
93 29 4 100 100000 9.50
94 30 4 100 100000 9.50
95 31 4 100 80000 9.50
32 96 4 100 110000 9.60
33 97 4 100 80000 9.60
34 98 4 100 90000 9.60
35 99 4 100 80000 9.60
36 100 4 100 100000 9.60
37 101 4 100 120000 9.60
38 102 4 100 90000 9.60
39 103 4 100 90000 9.60
40 104 4 100 100000 9.60
41 105 4 100 100000 9.60
42 106 4 100 90000 9.60
43 107 4 100 80000 9.60
44 108 4 100 120000 9.60
45 109 4 100 120000 9.60
46 110 4 100 80000 9.60
47 111 4 100 100000 9.60
48 112 4 100 110000 9.60
49 113 4 100 110000 9.60
50 114 4 100 120000 9.60
51 115 4 100 110000 9.60
52 116 4 100 100000 9.60
53 117 4 100 80000 9.60
54 118 4 100 110000 9.60
55 119 4 100 120000 9.60
56 120 4 100 90000 9.60
57 121 4 100 80000 9.60
58 122 4 100 110000 9.60
59 123 4 100 90000 9.60
60 124 4 100 110000 9.60
61 125 4 100 80000 9.60
62 126 4 100 120000 9.60
63 127 4 100 80000 9.60
64 0 4 100 110000 9.60
65 1 4 100 120000 9.60
66 2 4 100 90000 9.60
67 3 4 100 100000 9.60
68 4 4 100 90000 9.60
69 5 4 100 80000 9.60
70 6 4 100 120000 9.60
71 7 4 100 100000 9.60
72 8 4 100 100000 9.60
73 9 4 100 120000 9.60
74 10 4 100 90000 9.60
75 11 4 100 80000 9.60
76 12 4 100 110000 9.60
77 13 4 100 80000 9.60
78 14 4 100 120000 9.60
79 15 4 100 80000 9.60
80 16 4 100 120000 9.60
81 17 4 100 90000 9.60
82 18 4 100 100000 9.60
83 19 4 100 100000 9.60
84 20 4 100 100000 9.60
85 21 4 100 80000 9.60
86 22 4 100 90000 9.60
87 23 4 100 120000 9.60
88 24 4 100 110000 9.60
89 25 4 100 80000 9.60
90 26 4 100 90000 9.60
91 27 4 100 120000 9.60
92 28 4 100 110000 9.60
93 29 4 100 110000 9.60
94 30 4 100 100000 9.60
95 31 4 100 120000 9.60
32 96 4 100 90000 9.70
33 97 4 100 120000 9.70
34 98 4 100 100000 9.70
35 99 4 100 90000 9.70
36 100 4 100 80000 9.70
37 101 4 100 120000 9.70
38 102 4 100 110000 9.70
39 103 4 100 120000 9.70
40 104 4 100 90000 9.70
41 105 4 100 120000 9.70
42 106 4 100 110000 9.70
43 107 4 100 100000 9.70
44 108 4 100 90000 9.70
45 109 4 100 90000 9.70
46 110 4 100 110000 9.70
47 111 4 100 120000 9.70
48 112 4 100 80000 9.70
49 113 4 100 120000 9.70
50 114 4 100 90000 9.70
51 115 4 100 90000 9.70
52 116 4 100 80000 9.70
53 117 4 100 80000 9.70
54 118 4 100 120000 9.70
55 119 4 100 110000 9.70
56 120 4 100 80000 9.70
57 121 4 100 90000 9.70
58 122 4 100 120000 9.70
59 123 4 100 120000 9.70
60 124 4 100 110000 9.70
61 125 4 100 110000 9.70
62 126 4 100 90000 9.70
63 127 4 100 80000 9.70
64 0 4 100 120000 9.70
65 1 4 100 80000 9.70
66 2 4 100 100000 9.70
67 3 4 100 120000 9.70
68 4 4 100 90000 9.70
69 5 4 100 120000 9.70
70 6 4 100 80000 9.70
71 7 4 100 90000 9.70
72 8 4 100 100000 9.70
73 9 4 100 90000 9.70
74 10 4 100 100000 9.70
75 11 4 100 90000 9.70
76 12 4 100 110000 9.70
77 13 4 100 90000 9.70
78 14 4 100 120000 9.70
79 15 4 100 80000 9.70
80 16 4 100 120000 9.70
81 17 4 100 80000 9.70
82 18 4 100 100000 9.70
83 19 4 100 110000 9.70
84 20 4 100 80000 9.70
85 21 4 100 120000 9.70
86 22 4 100 110000 9.70
87 23 4 100 120000 9.70
88 24 4 100 110000 9.70
89 25 4 100 90000 9.70
90 26 4 100 90000 9.70
91 27 4 100 110000 9.70
92 28 4 100 100000 9.70
93 29 4 100 110000 9.70
94 30 4 100 110000 9.70
95 31 4 100 120000 9.70
32 96 4 100 100000 9.80
33 97 4 100 110000 9.80
34 98 4 100 90000 9.80
35 99 4 100 110000 9.80
36 100 4 100 90000 9.80
37 101 4 100 80000 9.80
38 102 4 100 110000 9.80
39 103 4 100 110000 9.80
40 104 4 100 90000 9.80
41 105 4 100 90000 9.80
42 106 4 100 120000 9.80
43 107 4 100 90000 9.80
44 108 4 100 110000 9.80
45 109 4 100 90000 9.80
46 110 4 100 120000 9.80
47 111 4 100 110000 9.80
48 112 4 100 90000 9.80
49 113 4 100 120000 9.80
50 114 4 100 100000 9.80
51 115 4 100 90000 9.80
52 116 4 100 110000 9.80
53 117 4 100 80000 9.80
54 118 4 100 90000 9.80
55 119 4 100 120000 9.80
56 120 4 100 90000 9.80
57 121 4 100 90000 9.80
58 122 4 100 80000 9.80
59 123 4 100 90000 9.80
60 124 4 100 90000 9.80
61 125 4 100 100000 9.80
62 126 4 100 110000 9.80
63 127 4 100 80000 9.80
64 0 4 100 120000 9.80
65 1 4 100 110000 9.80
66 2 4 100 120000 9.80
67 3 4 100 120000 9.80
68 4 4 100 110000 9.80
69 5 4 100 110000 9.80
70 6 4 100 110000 9.80
71 7 4 100 100000 9.80
72 8 4 100 80000 9.80
73 9 4 100 90000 9.80
74 10 4 100 110000 9.80
75 11 4 100 100000 9.80
76 12 4 100 120000 9.80
77 13 4 100 80000 9.80
78 14 4 100 120000 9.80
79 15 4 100 90000 9.80
80 16 4 100 90000 9.80
81 17 4 100 110000 9.80
82 18 4 100 120000 9.80
83 19 4 100 90000 9.80
84 20 4 100 120000 9.80
85 21 4 100 110000 9.80
86 22 4 100 80000 9.80
87 23 4 100 120000 9.80
88 24 4 100 120000 9.80
89 25 4 100 80000 9.80
90 26 4 100 80000 9.80
91 27 4 100 80000 9.80
92 28 4 100 110000 9.80
93 29 4 100 100000 9.80
94 30 4 100 110000 9.80
95 31 4 100 110000 9.80
32 96 4 100 100000 9.90
33 97 4 100 100000 9.90
34 98 4 100 110000 9.90
35 99 4 100 120000 9.90
36 100 4 100 120000 9.90
37 101 4 100 110000 9.90
38 102 4 100 100000 9.90
39 103 4 100 90000 9.90
40 104 4 100 80000 9.90
41 105 4 100 120000 9.90
42 106 4 100 110000 9.90
43 107 4 100 100000 9.90
44 108 4 100 90000 9.90
45 109 4 100 100000 9.90
46 110 4 100 110000 9.90
47 111 4 100 120000 9.90
48 112 4 100 100000 9.90
49 113 4 100 120000 9.90
50 114 4 100 120000 9.90
51 115 4 100 80000 9.90
52 116 4 100 110000 9.90
53 117 4 100 90000 9.90
54 118 4 100 80000 9.90
55 119 4 100 110000 9.90
56 120 4 100 120000 9.90
57 121 4 100 100000 9.90
58 122 4 100 120000 9.90
59 123 4 100 100000 9.90
60 124 4 100 80000 9.90
61 125 4 100 110000 9.90
62 126 4 100 90000 9.90
63 127 4 100 110000 9.90
64 0 4 100 80000 9.90
65 1 4 100 110000 9.90
66 2 4 100 80000 9.90
67 3 4 100 90000 9.90
68 4 4 100 110000 9.90
69 5 4 100 120000 9.90
70 6 4 100 100000 9.90
71 7 4 100 110000 9.90
72 8 4 100 80000 9.90
73 9 4 100 100000 9.90
74 10 4 100 90000 9.90
75 11 4 100 100000 9.90
76 12 4 100 80000 9.90
77 13 4 100 100000 9.90
78 14 4 100 80000 9.90
79 15 4 100 110000 9.90
80 16 4 100 80000 9.90
81 17 4 100 110000 9.90
82 18 4 100 110000 9.90
83 19 4 100 100000 9.90
84 20 4 100 120000 9.90
85 21 4 100 120000 9.90
86 22 4 100 120000 9.90
87 23 4 100 100000 9.90
88 24 4 100 100000 9.90
89 25 4 100 100000 9.90
90 26 4 100 80000 9.90
91 27 4 100 90000 9.90
92 28 4 100 80000 9.90
93 29 4 100 120000 9.90
94 30 4 100 90000 9.90
95 31 4 100 80000 9.90
32 96 4 100 100000 10.00
33 97 4 100 100000 10.00
34 98 4 100 100000 10.00
35 99 4 100 90000 10.00
36 100 4 100 110000 10.00
37 101 4 100 120000 10.00
38 102 4 100 110000 10.00
39 103 4 100 110000 10.00
40 104 4 100 90000 10.00
41 105 4 100 120000 10.00
42 106 4 100 100000 10.00
43 107 4 100 100000 10.00
44 108 4 100 110000 10.00
45 109 4 100 120000 10.00
46 110 4 100 110000 10.00
47 111 4 100 90000 10.00
48 112 4 100 110000 10.00
49 113 4 100 80000 10.00
50 114 4 100 110000 10.00
51 115 4 100 90000 10.00
52 116 4 100 80000 10.00
53 117 4 100 90000 10.00
54 118 4 100 90000 10.00
55 119 4 100 100000 10.00
56 120 4 100 90000 10.00
57 121 4 100 100000 10.00
58 122 4 100 90000 10.00
59 123 4 100 110000 10.00
60 124 4 100 100000 10.00
61 125 4 100 120000 10.00
62 126 4 100 110000 10.00
63 127 4 100 100000 10.00
64 0 4 100 120000 10.00
65 1 4 100 80000 10.00
66 2 4 100 80000 10.00
67 3 4 100 110000 10.00
68 4 4 100 100000 10.00
69 5 4 100 100000 10.00
70 6 4 100 90000 10.00
71 7 4 100 120000 10.00
72 8 4 100 110000 10.00
73 9 4 100 90000 10.00
74 10 4 100 120000 10.00
75 11 4 100 120000 10.00
76 12 4 100 100000 10.00
77 13 4 100 120000 10.00
78 14 4 100 100000 10.00
79 15 4 100 120000 10.00
80 16 4 100 100000 10.00
81 17 4 100 100000 10.00
82 18 4 100 100000 10.00
83 19 4 100 80000 10.00
84 20 4 100 120000 10.00
85 21 4 100 100000 10.00
86 22 4 100 80000 10.00
87 23 4 100 110000 10.00
88 24 4 100 80000 10.00
89 25 4 100 100000 10.00
90 26 4 100 100000 10.00
91 27 4 100 80000 10.00
92 28 4 100 80000 10.00
93 29 4 100 120000 10.00
94 30 4 100 100000 10.00
95 31 4 100 80000 10.00
32 96 4 100 110000 10.10
33 97 4 100 120000 10.10
34 98 4 100 120000 10.10
35 99 4 100 110000 10.10
36 100 4 100 100000 10.10
37 101 4 100 90000 10.10
38 102 4 100 80000 10.10
39 103 4 100 80000 10.10
40 104 4 100 120000 10.10
41 105 4 100 90000 10.10
42 106 4 100 80000 10.10
43 107 4 100 80000 10.10
44 108 4 100 90000 10.10
45 109 4 100 110000 10.10
46 110 4 100 80000 10.10
47 111 4 100 120000 10.10
48 112 4 100 100000 10.10
49 113 4 100 100000 10.10
50 114 4 100 120000 10.10
51 115 4 100 90000 10.10
52 116 4 100 100000 10.10
53 117 4 100 110000 10.10
54 118 4 100 90000 10.10
55 119 4 100 100000 10.10
56 120 4 100 90000 10.10
57 121 4 100 110000 10.10
58 122 4 100 100000 10.10
59 123 4 100 90000 10.10
60 124 4 100 100000 10.10
61 125 4 100 120000 10.10
62 126 4 100 90000 10.10
63 127 4 100 100000 10.10
64 0 4 100 120000 10.10
65 1 4 100 120000 10.10
66 2 4 100 80000 10.10
67 3 4 100 120000 10.10
68 4 4 100 110000 10.10
69 5 4 100 90000 10.10
70 6 4 100 100000 10.10
71 7 4 100 90000 10.10
72 8 4 100 90000 10.10
73 9 4 100 110000 10.10
74 10 4 100 100000 10.10
75 11 4 100 90000 10.10
76 12 4 100 120000 10.10
77 13 4 100 120000 10.10
78 14 4 100 90000 10.10
79 15 4 100 120000 10.10
80 16 4 100 110000 10.10
81 17 4 100 100000 10.10
82 18 4 100 90000 10.10
83 19 4 100 110000 10.10
84 20 4 100 80000 10.10
85 21 4 100 110000 10.10
86 22 4 100 120000 10.10
87 23 4 100 120000 10.10
88 24 4 100 120000 10.10
89 25 4 100 110000 10.10
90 26 4 100 100000 10.10
91 27 4 100 80000 10.10
92 28 4 100 90000 10.10
93 29 4 100 120000 10.10
94 30 4 100 90000 10.10
95 31 4 100 110000 10.10
32 96 4 100 80000 10.20
33 97 4 100 100000 10.20
34 98 4 100 120000 10.20
35 99 4 100 120000 10.20
36 100 4 100 80000 10.20
37 101 4 100 120000 10.20
38 102 4 100 80000 10.20
39 103 4 100 80000 10.20
40 104 4 100 90000 10.20
41 105 4 100 90000 10.20
42 106 4 100 100000 10.20
43 107 4 100 100000 10.20
44 108 4 100 100000 10.20
45 109 4 100 110000 10.20
46 110 4 100 120000 10.20
47 111 4 100 80000 10.20
48 112 4 100 120000 10.20
49 113 4 100 120000 10.20
50 114 4 100 110000 10.20
51 115 4 100 100000 10.20
52 116 4 100 110000 10.20
53 117 4 100 100000 10.20
54 118 4 100 90000 10.20
55 119 4 100 120000 10.20
56 120 4 100 90000 10.20
57 121 4 100 80000 10.20
58 122 4 100 90000 10.20
59 123 4 100 90000 10.20
60 124 4 100 90000 10.20
61 125 4 100 80000 10.20
62 126 4 100 120000 10.20
63 127 4 100 120000 10.20
64 0 4 100 90000 10.20
65 1 4 100 110000 10.20
66 2 4 100 90000 10.20
67 3 4 100 80000 10.20
68 4 4 100 90000 10.20
69 5 4 100 120000 10.20
70 6 4 100 100000 10.20
71 7 4 100 90000 10.20
72 8 4 100 90000 10.20
73 9 4 100 120000 10.20
74 10 4 100 120000 10.20
75 11 4 100 80000 10.20
76 12 4 100 100000 10.20
77 13 4 100 120000 10.20
78 14 4 100 90000 10.20
79 15 4 100 80000 10.20
80 16 4 100 120000 10.20
81 17 4 100 90000 10.20
82 18 4 100 110000 10.20
83 19 4 100 110000 10.20
84 20 4 100 80000 10.20
85 21 4 100 80000 10.20
86 22 4 100 120000 10.20
87 23 4 100 90000 10.20
88 24 4 100 110000 10.20
89 25 4 100 80000 10.20
90 26 4 100 80000 10.20
91 27 4 100 120000 10.20
92 28 4 100 110000 10.20
93 29 4 100 100000 10.20
94 30 4 100 120000 10.20
95 31 4 100 110000 10.20
32 96 4 100 120000 10.30
33 97 4 100 80000 10.30
34 98 4 100 120000 10.30
35 99 4 100 100000 10.30
36 100 4 100 90000 10.30
37 101 4 100 110000 10.30
38 102 4 100 110000 10.30
39 103 4 100 100000 10.30
40 104 4 100 100000 10.30
41 105 4 100 90000 10.30
42 106 4 100 90000 10.30
43 107 4 100 90000 10.30
44 108 4 100 120000 10.30
45 109 4 100 120000 10.30
46 110 4 100 120000 10.30
47 111 4 100 90000 10.30
48 112 4 100 110000 10.30
49 113 4 100 90000 10.30
50 114 4 100 110000 10.30
51 115 4 100 110000 10.30
52 116 4 100 90000 10.30
53 117 4 100 110000 10.30
54 118 4 100 80000 10.30
55 119 4 100 80000 10.30
56 120 4 100 110000 10.30
57 121 4 100 110000 10.30
58 122 4 100 100000 10.30
59 123 4 100 110000 10.30
60 124 4 100 90000 10.30
61 125 4 100 80000 10.30
62 126 4 100 80000 10.30
63 127 4 100 120000 10.30
64 0 4 100 80000 10.30
65 1 4 100 90000 10.30
66 2 4 100 120000 10.30
67 3 4 100 80000 10.30
68 4 4 100 100000 10.30
69 5 4 100 80000 10.30
70 6 4 100 110000 10.30
71 7 4 100 100000 10.30
72 8 4 100 90000 10.30
73 9 4 100 110000 10.30
74 10 4 100 100000 10.30
75 11 4 100 90000 10.30
76 12 4 100 110000 10.30
77 13 4 100 80000 10.30
78 14 4 100 120000 10.30
79 15 4 100 110000 10.30
80 16 4 100 80000 10.30
81 17 4 100 90000 10.30
82 18 4 100 100000 10.30
83 19 4 100 110000 10.30
84 20 4 100 100000 10.30
85 21 4 100 110000 10.30
86 22 4 100 100000 10.30
87 23 4 100 80000 10.30
88 24 4 100 120000 10.30
89 25 4 100 80000 10.30
90 26 4 100 90000 10.30
91 27 4 100 90000 10.30
92 28 4 100 120000 10.30
93 29 4 100 90000 10.30
94 30 4 100 110000 10.30
95 31 4 100 90000 10.30
32 96 4 100 110000 10.40
33 97 4 100 100000 10.40
34 98 4 100 100000 10.40
35 99 4 100 100000 10.40
36 100 4 100 120000 10.40
37 101 4 100 120000 10.40
38 102 4 100 120000 10.40
39 103 4 100 80000 10.40
40 104 4 100 90000 10.40
41 105 4 100 120000 10.40
42 106 4 100 80000 10.40
43 107 4 100 110000 10.40
44 108 4 100 120000 10.40
45 109 4 100 110000 10.40
46 110 4 100 100000 10.40
47 111 4 100 110000 10.40
48 112 4 100 100000 10.40
49 113 4 100 100000 10.40
50 114 4 100 110000 10.40
51 115 4 100 90000 10.40
52 116 4 100 120000 10.40
53 117 4 100 120000 10.40
54 118 4 100 120000 10.40
55 119 4 100 90000 10.40
56 120 4 100 90000 10.40
57 121 4 100 120000 10.40
58 122 4 100 120000 10.40
59 123 4 100 90000 10.40
60 124 4 100 100000 10.40
61 125 4 100 100000 10.40
62 126 4 100 110000 10.40
63 127 4 100 120000 10.40
64 0 4 100 120000 10.40
65 1 4 100 100000 10.40
66 2 4 100 80000 10.40
67 3 4 100 120000 10.40
68 4 4 100 100000 10.40
69 5 4 100 120000 10.40
70 6 4 100 110000 10.40
71 7 4 100 80000 10.40
72 8 4 100 110000 10.40
73 9 4 100 80000 10.40
74 10 4 100 100000 10.40
75 11 4 100 80000 10.40
76 12 4 100 90000 10.40
77 13 4 100 120000 10.40
78 14 4 100 110000 10.40
79 15 4 100 80000 10.40
80 16 4 100 110000 10.40
81 17 4 100 90000 10.40
82 18 4 100 100000 10.40
83 19 4 100 120000 10.40
84 20 4 100 110000 10.40
85 21 4 100 120000 10.40
86 22 4 100 90000 10.40
87 23 4 100 90000 10.40
88 24 4 100 120000 10.40
89 25 4 100 120000 10.40
90 26 4 100 80000 10.40
91 27 4 100 120000 10.40
92 28 4 100 90000 10.40
93 29 4 100 100000 10.40
94 30 4 100 80000 10.40
95 31 4 100 100000 10.40
32 96 4 100 100000 10.50
33 97 4 100 80000 10.50
34 98 4 100 100000 10.50
35 99 4 100 100000 10.50
36 100 4 100 120000 10.50
37 101 4 100 120000 10.50
38 102 4 100 120000 10.50
39 103 4 100 100000 10.50
40 104 4 100 80000 10.50
41 105 4 100 80000 10.50
42 106 4 100 120000 10.50
43 107 4 100 100000 10.50
44 108 4 100 120000 10.50
45 109 4 100 110000 10.50
46 110 4 100 100000 10.50
47 111 4 100 110000 10.50
48 112 4 100 120000 10.50
49 113 4 100 100000 10.50
50 114 4 100 80000 10.50
51 115 4 100 80000 10.50
52 116 4 100 110000 10.50
53 117 4 100 100000 10.50
54 118 4 100 100000 10.50
55 119 4 100 110000 10.50
56 120 4 100 90000 10.50
57 121 4 100 90000 10.50
58 122 4 100 120000 10.50
59 123 4 100 100000 10.50
60 124 4 100 110000 10.50
61 125 4 100 110000 10.50
62 126 4 100 100000 10.50
63 127 4 100 110000 10.50
64 0 4 100 80000 10.50
65 1 4 100 100000 10.50
66 2 4 100 120000 10.50
67 3 4 100 120000 10.50
68 4 4 100 120000 10.50
69 5 4 100 90000 10.50
70 6 4 100 100000 10.50
71 7 4 100 90000 10.50
72 8 4 100 90000 10.50
73 9 4 100 80000 10.50
74 10 4 100 120000 10.50
75 11 4 100 110000 10.50
76 12 4 100 120000 10.50
77 13 4 100 120000 10.50
78 14 4 100 90000 10.50
79 15 4 100 110000 10.50
80 16 4 100 100000 10.50
81 17 4 100 100000 10.50
82 18 4 100 100000 10.50
83 19 4 100 110000 10.50
84 20 4 100 120000 10.50
85 21 4 100 90000 10.50
86 22 4 100 120000 10.50
87 23 4 100 90000 10.50
88 24 4 100 80000 10.50
89 25 4 100 80000 10.50
90 26 4 100 120000 10.50
91 27 4 100 100000 10.50
92 28 4 100 80000 10.50
93 29 4 100 120000 10.50
94 30 4 100 80000 10.50
95 31 4 100 80000 10.50
32 96 4 100 100000 10.60
33 97 4 100 80000 10.60
34 98 4 100 80000 10.60
35 99 4 100 110000 10.60
36 100 4 100 90000 10.60
37 101 4 100 100000 10.60
38 102 4 100 120000 10.60
39 103 4 100 120000 10.60
40 104 4 100 100000 10.60
41 105 4 100 80000 10.60
42 106 4 100 100000 10.60
43 107 4 100 100000 10.60
44 108 4 100 100000 10.60
45 109 4 100 110000 10.60
46 110 4 100 100000 10.60
47 111 4 100 90000 10.60
48 112 4 100 110000 10.60
49 113 4 100 90000 10.60
50 114 4 100 80000 10.60
51 115 4 100 90000 10.60
52 116 4 100 100000 10.60
53 117 4 100 100000 10.60
54 118 4 100 100000 10.60
55 119 4 100 80000 10.60
56 120 4 100 100000 10.60
57 121 4 100 110000 10.60
58 122 4 100 110000 10.60
59 123 4 100 110000 10.60
60 124 4 100 80000 10.60
61 125 4 100 100000 10.60
62 126 4 100 80000 10.60
63 127 4 100 120000 10.60
64 0 4 100 120000 10.60
65 1 4 100 110000 10.60
66 2 4 100 120000 10.60
67 3 4 100 120000 10.60
68 4 4 100 90000 10.60
69 5 4 100 80000 10.60
70 6 4 100 100000 10.60
71 7 4 100 90000 10.60
72 8 4 100 100000 10.60
73 9 4 100 110000 10.60
74 10 4 100 90000 10.60
75 11 4 100 80000 10.60
76 12 4 100 120000 10.60
77 13 4 100 120000 10.60
78 14 4 100 90000 10.60
79 15 4 100 110000 10.60
80 16 4 100 110000 10.60
81 17 4 100 120000 10.60
82 18 4 100 120000 10.60
83 19 4 100 90000 10.60
84 20 4 100 120000 10.60
85 21 4 100 90000 10.60
86 22 4 100 120000 10.60
87 23 4 100 120000 10.60
88 24 4 100 120000 10.60
89 25 4 100 120000 10.60
90 26 4 100 80000 10.60
91 27 4 100 80000 10.60
92 28 4 100 80000 10.60
93 29 4 100 120000 10.60
94 30 4 100 110000 10.60
95 31 4 100 110000 10.60
32 96 4 100 80000 10.70
33 97 4 100 120000 10.70
34 98 4 100 120000 10.70
35 99 4 100 120000 10.70
36 100 4 100 110000 10.70
37 101 4 100 120000 10.70
38 102 4 100 110000 10.70
39 103 4 100 110000 10.70
40 104 4 100 100000 10.70
41 105 4 100 120000 10.70
42 106 4 100 120000 10.70
43 107 4 100 110000 10.70
44 108 4 100 80000 10.70
45 109 4 100 90000 10.70
46 110 4 100 90000 10.70
47 111 4 100 110000 10.70
48 112 4 100 80000 10.70
49 113 4 100 80000 10.70
50 114 4 100 90000 10.70
51 115 4 100 90000 10.70
52 116 4 100 100000 10.70
53 117 4 100 110000 10.70
54 118 4 100 110000 10.70
55 119 4 100 120000 10.70
56 120 4 100 100000 10.70
57 121 4 100 90000 10.70
58 122 4 100 80000 10.70
59 123 4 100 110000 10.70
60 124 4 100 90000 10.70
61 125 4 100 90000 10.70
62 126 4 100 110000 10.70
63 127 4 100 120000 10.70
64 0 4 100 120000 10.70
65 1 4 100 110000 10.70
66 2 4 100 120000 10.70
67 3 4 100 120000 10.70
68 4 4 100 120000 10.70
69 5 4 100 80000 10.70
70 6 4 100 110000 10.70
71 7 4 100 80000 10.70
72 8 4 100 90000 10.70
73 9 4 100 100000 10.70
74 10 4 100 100000 10.70
75 11 4 100 120000 10.70
76 12 4 100 80000 10.70
77 13 4 100 110000 10.70
78 14 4 100 110000 10.70
79 15 4 100 120000 10.70
80 16 4 100 120000 10.70
81 17 4 100 90000 10.70
82 18 4 100 100000 10.70
83 19 4 100 90000 10.70
84 20 4 100 90000 10.70
85 21 4 100 90000 10.70
86 22 4 100 100000 10.70
87 23 4 100 90000 10.70
88 24 4 100 90000 10.70
89 25 4 100 80000 10.70
90 26 4 100 110000 10.70
91 27 4 100 80000 10.70
92 28 4 100 120000 10.70
93 29 4 100 80000 10.70
94 30 4 100 90000 10.70
95 31 4 100 120000 10.70
32 96 4 100 90000 10.80
33 97 4 100 100000 10.80
34 98 4 100 80000 10.80
35 99 4 100 120000 10.80
36 100 4 100 80000 10.80
37 101 4 100 100000 10.80
38 102 4 100 80000 10.80
39 103 4 100 120000 10.80
40 104 4 100 80000 10.80
41 105 4 100 120000 10.80
42 106 4 100 110000 10.80
43 107 4 100 120000 10.80
44 108 4 100 90000 10.80
45 109 4 100 90000 10.80
46 110 4 100 80000 10.80
47 111 4 100 100000 10.80
48 112 4 100 110000 10.80
49 113 4 100 100000 10.80
50 114 4 100 120000 10.80
51 115 4 100 100000 10.80
52 116 4 100 80000 10.80
53 117 4 100 80000 10.80
54 118 4 100 100000 10.80
55 119 4 100 100000 10.80
56 120 4 100 90000 10.80
57 121 4 100 80000 10.80
58 122 4 100 100000 10.80
59 123 4 100 120000 10.80
60 124 4 100 80000 10.80
61 125 4 100 120000 10.80
62 126 4 100 90000 10.80
63 127 4 100 120000 10.80
64 0 4 100 90000 10.80
65 1 4 100 90000 10.80
66 2 4 100 100000 10.80
67 3 4 100 90000 10.80
68 4 4 100 110000 10.80
69 5 4 100 110000 10.80
70 6 4 100 110000 10.80
71 7 4 100 110000 10.80
72 8 4 100 80000 10.80
73 9 4 100 110000 10.80
74 10 4 100 80000 10.80
75 11 4 100 100000 10.80
76 12 4 100 90000 10.80
77 13 4 100 120000 10.80
78 14 4 100 80000 10.80
79 15 4 100 80000 10.80
80 16 4 100 110000 10.80
81 17 4 100 100000 10.80
82 18 4 100 120000 10.80
83 19 4 100 110000 10.80
84 20 4 100 120000 10.80
85 21 4 100 110000 10.80
86 22 4 100 120000 10.80
87 23 4 100 100000 10.80
88 24 4 100 80000 10.80
89 25 4 100 110000 10.80
90 26 4 100 100000 10.80
91 27 4 100 100000 10.80
92 28 4 100 110000 10.80
93 29 4 100 100000 10.80
94 30 4 100 80000 10.80
95 31 4 100 100000 10.80
32 96 4 100 100000 10.90
33 97 4 100 80000 10.90
34 98 4 100 110000 10.90
35 99 4 100 110000 10.90
36 100 4 100 110000 10.90
37 101 4 100 110000 10.90
38 102 4 100 80000 10.90
39 103 4 100 100000 10.90
40 104 4 100 120000 10.90
41 105 4 100 90000 10.90
42 106 4 100 100000 10.90
43 107 4 100 90000 10.90
44 108 4 100 90000 10.90
45 109 4 100 110000 10.90
46 110 4 100 100000 10.90
47 111 4 100 90000 10.90
48 112 4 100 110000 10.90
49 113 4 100 100000 10.90
50 114 4 100 110000 10.90
51 115 4 100 120000 10.90
52 116 4 100 90000 10.90
53 117 4 100 100000 10.90
54 118 4 100 120000 10.90
55 119 4 100 120000 10.90
56 120 4 100 110000 10.90
57 121 4 100 100000 10.90
58 122 4 100 100000 10.90
59 123 4 100 120000 10.90
60 124 4 100 110000 10.90
61 125 4 100 100000 10.90
62 126 4 100 110000 10.90
63 127 4 100 120000 10.90
64 0 4 100 90000 10.90
65 1 4 100 100000 10.90
66 2 4 100 100000 10.90
67 3 4 100 90000 10.90
68 4 4 100 80000 10.90
69 5 4 100 90000 10.90
70 6 4 100 110000 10.90
71 7 4 100 90000 10.90
72 8 4 100 110000 10.90
73 9 4 100 100000 10.90
74 10 4 100 110000 10.90
75 11 4 100 110000 10.90
76 12 4 100 80000 10.90
77 13 4 100 120000 10.90
78 14 4 100 110000 10.90
79 15 4 100 90000 10.90
80 16 4 100 110000 10.90
81 17 4 100 110000 10.90
82 18 4 100 90000 10.90
83 19 4 100 100000 10.90
84 20 4 100 80000 10.90
85 21 4 100 80000 10.90
86 22 4 100 100000 10.90
87 23 4 100 80000 10.90
88 24 4 100 90000 10.90
89 25 4 100 110000 10.90
90 26 4 100 100000 10.90
91 27 4 100 100000 10.90
92 28 4 100 80000 10.90
93 29 4 100 110000 10.90
94 30 4 100 120000 10.90
95 31 4 100 100000 10.90
32 96 4 100 80000 11.00
33 97 4 100 120000 11.00
34 98 4 100 110000 11.00
35 99 4 100 120000 11.00
36 100 4 100 100000 11.00
37 101 4 100 110000 11.00
38 102 4 100 80000 11.00
39 103 4 100 110000 11.00
40 104 4 100 100000 11.00
41 105 4 100 110000 11.00
42 106 4 100 80000 11.00
43 107 4 100 110000 11.00
44 108 4 100 80000 11.00
45 109 4 100 80000 11.00
46 110 4 100 80000 11.00
47 111 4 100 80000 11.00
48 112 4 100 100000 11.00
49 113 4 100 110000 11.00
50 114 4 100 90000 11.00
51 115 4 100 90000 11.00
52 116 4 100 80000 11.00
53 117 4 100 110000 11.00
54 118 4 100 80000 11.00
55 119 4 100 100000 11.00
56 120 4 100 110000 11.00
57 121 4 100 120000 11.00
58 122 4 100 120000 11.00
59 123 4 100 110000 11.00
60 124 4 100 80000 11.00
61 125 4 100 80000 11.00
62 126 4 100 110000 11.00
63 127 4 100 110000 11.00
64 0 4 100 80000 11.00
65 1 4 100 110000 11.00
66 2 4 100 110000 11.00
67 3 4 100 90000 11.00
68 4 4 100 90000 11.00
69 5 4 100 110000 11.00
70 6 4 100 80000 11.00
71 7 4 100 110000 11.00
72 8 4 100 90000 11.00
73 9 4 100 90000 11.00
74 10 4 100 120000 11.00
75 11 4 100 80000 11.00
76 12 4 100 120000 11.00
77 13 4 100 110000 11.00
78 14 4 100 100000 11.00
79 15 4 100 120000 11.00
80 16 4 100 110000 11.00
81 17 4 100 100000 11.00
82 18 4 100 90000 11.00
83 19 4 100 90000 11.00
84 20 4 100 80000 11.00
85 21 4 100 80000 11.00
86 22 4 100 100000 11.00
87 23 4 100 110000 11.00
88 24 4 100 90000 11.00
89 25 4 100 120000 11.00
90 26 4 100 90000 11.00
91 27 4 100 90000 11.00
92 28 4 100 90000 11.00
93 29 4 100 100000 11.00
94 30 4 100 100000 11.00
95 31 4 100 90000 11.00
32 96 4 100 80000 11.10
33 97 4 100 110000 11.10
34 98 4 100 90000 11.10
35 99 4 100 80000 11.10
36 100 4 100 90000 11.10
37 101 4 100 90000 11.10
38 102 4 100 80000 11.10
39 103 4 100 80000 11.10
40 104 4 100 90000 11.10
41 105 4 100 90000 11.10
42 106 4 100 120000 11.10
43 107 4 100 120000 11.10
44 108 4 100 90000 11.10
45 109 4 100 100000 11.10
46 110 4 100 90000 11.10
47 111 4 100 120000 11.10
48 112 4 100 110000 11.10
49 113 4 100 80000 11.10
50 114 4 100 120000 11.10
51 115 4 100 120000 11.10
52 116 4 100 90000 11.10
53 117 4 100 100000 11.10
54 118 4 100 100000 11.10
55 119 4 100 80000 11.10
56 120 4 100 90000 11.10
57 121 4 100 100000 11.10
58 122 4 100 110000 11.10
59 123 4 100 120000 11.10
60 124 4 100 100000 11.10
61 125 4 100 110000 11.10
62 126 4 100 80000 11.10
63 127 4 100 120000 11.10
64 0 4 100 120000 11.10
65 1 4 100 110000 11.10
66 2 4 100 120000 11.10
67 3 4 100 120000 11.10
68 4 4 100 120000 11.10
69 5 4 100 110000 11.10
70 6 4 100 80000 11.10
71 7 4 100 80000 11.10
72 8 4 100 100000 11.10
73 9 4 100 100000 11.10
74 10 4 100 110000 11.10
75 11 4 100 90000 11.10
76 12 4 100 100000 11.10
77 13 4 100 80000 11.10
78 14 4 100 100000 11.10
79 15 4 100 90000 11.10
80 16 4 100 90000 11.10
81 17 4 100 100000 11.10
82 18 4 100 110000 11.10
83 19 4 100 110000 11.10
84 20 4 100 110000 11.10
85 21 4 100 120000 11.10
86 22 4 100 80000 11.10
87 23 4 100 80000 11.10
88 24 4 100 80000 11.10
89 25 4 100 80000 11.10
90 26 4 100 80000 11.10
91 27 4 100 120000 11.10
92 28 4 100 110000 11.10
93 29 4 100 100000 11.10
94 30 4 100 120000 11.10
95 31 4 100 80000 11.10
32 96 4 100 120000 11.20
33 97 4 100 80000 11.20
34 98 4 100 110000 11.20
35 99 4 100 120000 11.20
36 100 4 100 90000 11.20
37 101 4 100 100000 11.20
38 102 4 100 110000 11.20
39 103 4 100 110000 11.20
40 104 4 100 120000 11.20
41 105 4 100 100000 11.20
42 106 4 100 100000 11.20
43 107 4 100 90000 11.20
44 108 4 100 90000 11.20
45 109 4 100 110000 11.20
46 110 4 100 100000 11.20
47 111 4 100 120000 11.20
48 112 4 100 80000 11.20
49 113 4 100 110000 11.20
50 114 4 100 80000 11.20
51 115 4 100 100000 11.20
52 116 4 100 100000 11.20
53 117 4 100 110000 11.20
54 118 4 100 110000 11.20
55 119 4 100 110000 11.20
56 120 4 100 90000 11.20
57 121 4 100 110000 11.20
58 122 4 100 120000 11.20
59 123 4 100 110000 11.20
60 124 4 100 110000 11.20
61 125 4 100 80000 11.20
62 126 4 100 110000 11.20
63 127 4 100 110000 11.20
64 0 4 100 100000 11.20
65 1 4 100 120000 11.20
66 2 4 100 90000 11.20
67 3 4 100 80000 11.20
68 4 4 100 110000 11.20
69 5 4 100 80000 11.20
70 6 4 100 120000 11.20
71 7 4 100 80000 11.20
72 8 4 100 90000 11.20
73 9 4 100 100000 11.20
74 10 4 100 120000 11.20
75 11 4 100 110000 11.20
76 12 4 100 120000 11.20
77 13 4 100 80000 11.20
78 14 4 100 120000 11.20
79 15 4 100 120000 11.20
80 16 4 100 80000 11.20
81 17 4 100 80000 11.20
82 18 4 100 90000 11.20
83 19 4 100 110000 11.20
84 20 4 100 120000 11.20
85 21 4 100 100000 11.20
86 22 4 100 80000 11.20
87 23 4 100 120000 11.20
88 24 4 100 90000 11.20
89 25 4 100 100000 11.20
90 26 4 100 100000 11.20
91 27 4 100 90000 11.20
92 28 4 100 90000 11.20
93 29 4 100 90000 11.20
94 30 4 100 110000 11.20
95 31 4 100 90000 11.20
32 96 4 100 80000 11.30
33 97 4 100 80000 11.30
34 98 4 100 80000 11.30
35 99 4 100 90000 11.30
36 100 4 100 90000 11.30
37 101 4 100 90000 11.30
38 102 4 100 120000 11.30
39 103 4 100 120000 11.30
40 104 4 100 90000 11.30
41 105 4 100 80000 11.30
42 106 4 100 90000 11.30
43 107 4 100 90000 11.30
44 108 4 100 90000 11.30
45 109 4 100 90000 11.30
46 110 4 100 90000 11.30
47 111 4 100 120000 11.30
48 112 4 100 100000 11.30
49 113 4 100 80000 11.30
50 114 4 100 120000 11.30
51 115 4 100 100000 11.30
52 116 4 100 100000 11.30
53 117 4 100 100000 11.30
54 118 4 100 100000 11.30
55 119 4 100 80000 11.30
56 120 4 100 90000 11.30
57 121 4 100 100000 11.30
58 122 4 100 80000 11.30
59 123 4 100 110000 11.30
60 124 4 100 120000 11.30
61 125 4 100 90000 11.30
62 126 4 100 110000 11.30
63 127 4 100 120000 11.30
64 0 4 100 100000 11.30
65 1 4 100 110000 11.30
66 2 4 100 100000 11.30
67 3 4 100 90000 11.30
68 4 4 100 80000 11.30
69 5 4 100 110000 11.30
70 6 4 100 80000 11.30
71 7 4 100 110000 11.30
72 8 4 100 110000 11.30
73 9 4 100 100000 11.30
74 10 4 100 110000 11.30
75 11 4 100 90000 11.30
76 12 4 100 120000 11.30
77 13 4 100 80000 11.30
78 14 4 100 110000 11.30
79 15 4 100 80000 11.30
80 16 4 100 120000 11.30
81 17 4 100 90000 11.30
82 18 4 100 110000 11.30
83 19 4 100 90000 11.30
84 20 4 100 80000 11.30
85 21 4 100 120000 11.30
86 22 4 100 120000 11.30
87 23 4 100 120000 11.30
88 24 4 100 110000 11.30
89 25 4 100 80000 11.30
90 26 4 100 100000 11.30
91 27 4 100 80000 11.30
92 28 4 100 80000 11.30
93 29 4 100 80000 11.30
94 30 4 100 100000 11.30
95 31 4 100 120000 11.30
32 96 4 100 120000 11.40
33 97 4 100 100000 11.40
34 98 4 100 80000 11.40
35 99 4 100 120000 11.40
36 100 4 100 90000 11.40
37 101 4 100 80000 11.40
38 102 4 100 90000 11.40
39 103 4 100 100000 11.40
40 104 4 100 100000 11.40
41 105 4 100 90000 11.40
42 106 4 100 110000 11.40
43 107 4 100 80000 11.40
44 108 4 100 100000 11.40
45 109 4 100 120000 11.40
46 110 4 100 120000 11.40
47 111 4 100 120000 11.40
48 112 4 100 120000 11.40
49 113 4 100 100000 11.40
50 114 4 100 80000 11.40
51 115 4 100 100000 11.40
52 116 4 100 90000 11.40
53 117 4 100 100000 11.40
54 118 4 100 120000 11.40
55 119 4 100 100000 11.40
56 120 4 100 110000 11.40
57 121 4 100 110000 11.40
58 122 4 100 120000 11.40
59 123 4 100 80000 11.40
60 124 4 100 100000 11.40
61 125 4 100 120000 11.40
62 126 4 100 110000 11.40
63 127 4 100 100000 11.40
64 0 4 100 90000 11.40
65 1 4 100 90000 11.40
66 2 4 100 100000 11.40
67 3 4 100 100000 11.40
68 4 4 100 80000 11.40
69 5 4 100 120000 11.40
70 6 4 100 90000 11.40
71 7 4 100 110000 11.40
72 8 4 100 80000 11.40
73 9 4 100 120000 11.40
74 10 4 100 80000 11.40
75 11 4 100 120000 11.40
76 12 4 100 90000 11.40
77 13 4 100 110000 11.40
78 14 4 100 90000 11.40
79 15 4 100 110000 11.40
80 16 4 100 80000 11.40
81 17 4 100 110000 11.40
82 18 4 100 120000 11.40
83 19 4 100 90000 11.40
84 20 4 100 120000 11.40
85 21 4 100 100000 11.40
86 22 4 100 120000 11.40
87 23 4 100 80000 11.40
88 24 4 100 100000 11.40
89 25 4 100 80000 11.40
90 26 4 100 120000 11.40
91 27 4 100 100000 11.40
92 28 4 100 90000 11.40
93 29 4 100 80000 11.40
94 30 4 100 120000 11.40
95 31 4 100 100000 11.40
32 96 4 100 90000 11.50
33 97 4 100 110000 11.50
34 98 4 100 80000 11.50
35 99 4 100 80000 11.50
36 100 4 100 120000 11.50
37 101 4 100 100000 11.50
38 102 4 100 80000 11.50
39 103 4 100 110000 11.50
40 104 4 100 120000 11.50
41 105 4 100 100000 11.50
42 106 4 100 110000 11.50
43 107 4 100 110000 11.50
44 108 4 100 80000 11.50
45 109 4 100 80000 11.50
46 110 4 100 120000 11.50
47 111 4 100 90000 11.50
48 112 4 100 100000 11.50
49 113 4 100 120000 11.50
50 114 4 100 90000 11.50
51 115 4 100 120000 11.50
52 116 4 100 120000 11.50
53 117 4 100 90000 11.50
54 118 4 100 90000 11.50
55 119 4 100 80000 11.50
56 120 4 100 100000 11.50
57 121 4 100 90000 11.50
58 122 4 100 120000 11.50
59 123 4 100 110000 11.50
60 124 4 100 80000 11.50
61 125 4 100 120000 11.50
62 126 4 100 120000 11.50
63 127 4 100 80000 11.50
64 0 4 100 80000 11.50
65 1 4 100 90000 11.50
66 2 4 100 100000 11.50
67 3 4 100 100000 11.50
68 4 4 100 90000 11.50
69 5 4 100 100000 11.50
70 6 4 100 90000 11.50
71 7 4 100 80000 11.50
72 8 4 100 80000 11.50
73 9 4 100 80000 11.50
74 10 4 100 90000 11.50
75 11 4 100 80000 11.50
76 12 4 100 120000 11.50
77 13 4 100 80000 11.50
78 14 4 100 100000 11.50
79 15 4 100 90000 11.50
80 16 4 100 110000 11.50
81 17 4 100 120000 11.50
82 18 4 100 90000 11.50
83 19 4 100 100000 11.50
84 20 4 100 100000 11.50
85 21 4 100 120000 11.50
86 22 4 100 80000 11.50
87 23 4 100 90000 11.50
88 24 4 100 100000 11.50
89 25 4 100 80000 11.50
90 26 4 100 120000 11.50
91 27 4 100 80000 11.50
92 28 4 100 90000 11.50
93 29 4 100 90000 11.50
94 30 4 100 120000 11.50
95 31 4 100 80000 11.50
32 96 4 100 90000 11.60
33 97 4 100 120000 11.60
34 98 4 100 80000 11.60
35 99 4 100 100000 11.60
36 100 4 100 110000 11.60
37 101 4 100 100000 11.60
38 102 4 100 80000 11.60
39 103 4 100 120000 11.60
40 104 4 100 100000 11.60
41 105 4 100 100000 11.60
42 106 4 100 110000 11.60
43 107 4 100 80000 11.60
44 108 4 100 80000 11.60
45 109 4 100 90000 11.60
46 110 4 100 100000 11.60
47 111 4 100 100000 11.60
48 112 4 100 90000 11.60
49 113 4 100 90000 11.60
50 114 4 100 90000 11.60
51 115 4 100 80000 11.60
52 116 4 100 120000 11.60
53 117 4 100 100000 11.60
54 118 4 100 120000 11.60
55 119 4 100 100000 11.60
56 120 4 100 120000 11.60
57 121 4 100 80000 11.60
58 122 4 100 100000 11.60
59 123 4 100 80000 11.60
60 124 4 100 100000 11.60
61 125 4 100 110000 11.60
62 126 4 100 110000 11.60
63 127 4 100 90000 11.60
64 0 4 100 100000 11.60
65 1 4 100 90000 11.60
66 2 4 100 100000 11.60
67 3 4 100 100000 11.60
68 4 4 100 90000 11.60
69 5 4 100 80000 11.60
70 6 4 100 80000 11.60
71 7 4 100 80000 11.60
72 8 4 100 90000 11.60
73 9 4 100 120000 11.60
74 10 4 100 100000 11.60
75 11 4 100 110000 11.60
76 12 4 100 80000 11.60
77 13 4 100 120000 11.60
78 14 4 100 80000 11.60
79 15 4 100 80000 11.60
80 16 4 100 80000 11.60
81 17 4 100 80000 11.60
82 18 4 100 120000 11.60
83 19 4 100 90000 11.60
84 20 4 100 90000 11.60
85 21 4 100 90000 11.60
86 22 4 100 90000 11.60
87 23 4 100 110000 11.60
88 24 4 100 120000 11.60
89 25 4 100 120000 11.60
90 26 4 100 90000 11.60
91 27 4 100 120000 11.60
92 28 4 100 120000 11.60
93 29 4 100 90000 11.60
94 30 4 100 110000 11.60
95 31 4 100 90000 11.60
32 96 4 100 100000 11.70
33 97 4 100 120000 11.70
34 98 4 100 110000 11.70
35 99 4 100 100000 11.70
36 100 4 100 110000 11.70
37 101 4 100 100000 11.70
38 102 4 100 90000 11.70
39 103 4 100 90000 11.70
40 104 4 100 120000 11.70
41 105 4 100 100000 11.70
42 106 4 100 120000 11.70
43 107 4 100 80000 11.70
44 108 4 100 120000 11.70
45 109 4 100 90000 11.70
46 110 4 100 110000 11.70
47 111 4 100 110000 11.70
48 112 4 100 120000 11.70
49 113 4 100 120000 11.70
50 114 4 100 120000 11.70
51 115 4 100 80000 11.70
52 116 4 100 100000 11.70
53 117 4 100 120000 11.70
54 118 4 100 120000 11.70
55 119 4 100 90000 11.70
56 120 4 100 80000 11.70
57 121 4 100 80000 11.70
58 122 4 100 90000 11.70
59 123 4 100 110000 11.70
60 124 4 100 110000 11.70
61 125 4 100 110000 11.70
62 126 4 100 110000 11.70
63 127 4 100 90000 11.70
64 0 4 100 110000 11.70
65 1 4 100 110000 11.70
66 2 4 100 110000 11.70
67 3 4 100 80000 11.70
68 4 4 100 80000 11.70
69 5 4 100 80000 11.70
70 6 4 100 80000 11.70
71 7 4 100 100000 11.70
72 8 4 100 120000 11.70
73 9 4 100 90000 11.70
74 10 4 100 80000 11.70
75 11 4 100 100000 11.70
76 12 4 100 90000 11.70
77 13 4 100 120000 11.70
78 14 4 100 80000 11.70
79 15 4 100 90000 11.70
80 16 4 100 80000 11.70
81 17 4 100 110000 11.70
82 18 4 100 100000 11.70
83 19 4 100 110000 11.70
84 20 4 100 100000 11.70
85 21 4 100 110000 11.70
86 22 4 100 90000 11.70
87 23 4 100 90000 11.70
88 24 4 100 100000 11.70
89 25 4 100 110000 11.70
90 26 4 100 80000 11.70
91 27 4 100 110000 11.70
92 28 4 100 120000 11.70
93 29 4 100 90000 11.70
94 30 4 100 100000 11.70
95 31 4 100 100000 11.70
32 96 4 100 80000 11.80
33 97 4 100 100000 11.80
34 98 4 100 90000 11.80
35 99 4 100 110000 11.80
36 100 4 100 100000 11.80
37 101 4 100 80000 11.80
38 102 4 100 90000 11.80
39 103 4 100 80000 11.80
40 104 4 100 110000 11.80
41 105 4 100 100000 11.80
42 106 4 100 100000 11.80
43 107 4 100 80000 11.80
44 108 4 100 100000 11.80
45 109 4 100 100000 11.80
46 110 4 100 80000 11.80
47 111 4 100 120000 11.80
48 112 4 100 90000 11.80
49 113 4 100 80000 11.80
50 114 4 100 100000 11.80
51 115 4 100 90000 11.80
52 116 4 100 110000 11.80
53 117 4 100 90000 11.80
54 118 4 100 80000 11.80
55 119 4 100 110000 11.80
56 120 4 100 100000 11.80
57 121 4 100 100000 11.80
58 122 4 100 120000 11.80
59 123 4 100 80000 11.80
60 124 4 100 100000 11.80
61 125 4 100 110000 11.80
62 126 4 100 80000 11.80
63 127 4 100 120000 11.80
64 0 4 100 100000 11.80
65 1 4 100 80000 11.80
66 2 4 100 120000 11.80
67 3 4 100 100000 11.80
68 4 4 100 100000 11.80
69 5 4 100 110000 11.80
70 6 4 100 80000 11.80
71 7 4 100 90000 11.80
72 8 4 100 110000 11.80
73 9 4 100 90000 11.80
74 10 4 100 80000 11.80
75 11 4 100 120000 11.80
76 12 4 100 110000 11.80
77 13 4 100 120000 11.80
78 14 4 100 80000 11.80
79 15 4 100 90000 11.80
80 16 4 100 110000 11.80
81 17 4 100 110000 11.80
82 18 4 100 90000 11.80
83 19 4 100 100000 11.80
84 20 4 100 110000 11.80
85 21 4 100 110000 11.80
86 22 4 100 80000 11.80
87 23 4 100 120000 11.80
88 24 4 100 100000 11.80
89 25 4 100 100000 11.80
90 26 4 100 100000 11.80
91 27 4 100 110000 11.80
92 28 4 100 90000 11.80
93 29 4 100 100000 11.80
94 30 4 100 90000 11.80
95 31 4 100 120000 11.80
32 96 4 100 100000 11.90
33 97 4 100 80000 11.90
34 98 4 100 80000 11.90
35 99 4 100 80000 11.90
36 100 4 100 120000 11.90
37 101 4 100 120000 11.90
38 102 4 100 110000 11.90
39 103 4 100 120000 11.90
40 104 4 100 100000 11.90
41 105 4 100 120000 11.90
42 106 4 100 110000 11.90
43 107 4 100 120000 11.90
44 108 4 100 110000 11.90
45 109 4 100 120000 11.90
46 110 4 100 90000 11.90
47 111 4 100 100000 11.90
48 112 4 100 110000 11.90
49 113 4 100 110000 11.90
50 114 4 100 120000 11.90
51 115 4 100 120000 11.90
52 116 4 100 80000 11.90
53 117 4 100 90000 11.90
54 118 4 100 80000 11.90
55 119 4 100 120000 11.90
56 120 4 100 120000 11.90
57 121 4 100 90000 11.90
58 122 4 100 110000 11.90
59 123 4 100 90000 11.90
60 124 4 100 90000 11.90
61 125 4 100 120000 11.90
62 126 4 100 80000 11.90
63 127 4 100 80000 11.90
64 0 4 100 90000 11.90
65 1 4 100 120000 11.90
66 2 4 100 120000 11.90
67 3 4 100 100000 11.90
68 4 4 100 110000 11.90
69 5 4 100 100000 11.90
70 6 4 100 120000 11.90
71 7 4 100 120000 11.90
72 8 4 100 110000 11.90
73 9 4 100 90000 11.90
74 10 4 100 80000 11.90
75 11 4 100 110000 11.90
76 12 4 100 100000 11.90
77 13 4 100 110000 11.90
78 14 4 100 120000 11.90
79 15 4 100 90000 11.90
80 16 4 100 120000 11.90
81 17 4 100 110000 11.90
82 18 4 100 120000 11.90
83 19 4 100 110000 11.90
84 20 4 100 90000 11.90
85 21 4 100 80000 11.90
86 22 4 100 110000 11.90
87 23 4 100 110000 11.90
88 24 4 100 110000 11.90
89 25 4 100 90000 11.90
90 26 4 100 100000 11.90
91 27 4 100 110000 11.90
92 28 4 100 120000 11.90
93 29 4 100 80000 11.90
94 30 4 100 120000 11.90
95 31 4 100 80000 11.90
32 96 4 100 120000 12.00
33 97 4 100 80000 12.00
34 98 4 100 80000 12.00
35 99 4 100 100000 12.00
36 100 4 100 90000 12.00
37 101 4 100 90000 12.00
38 102 4 100 90000 12.00
39 103 4 100 120000 12.00
40 104 4 100 80000 12.00
41 105 4 100 90000 12.00
42 106 4 100 100000 12.00
43 107 4 100 90000 12.00
44 108 4 100 110000 12.00
45 109 4 100 110000 12.00
46 110 4 100 90000 12.00
47 111 4 100 100000 12.00
48 112 4 100 120000 12.00
49 113 4 100 110000 12.00
50 114 4 100 110000 12.00
51 115 4 100 100000 12.00
52 116 4 100 110000 12.00
53 117 4 100 110000 12.00
54 118 4 100 100000 12.00
55 119 4 100 90000 12.00
56 120 4 100 90000 12.00
57 121 4 100 120000 12.00
58 122 4 100 80000 12.00
59 123 4 100 100000 12.00
60 124 4 100 100000 12.00
61 125 4 100 90000 12.00
62 126 4 100 80000 12.00
63 127 4 100 100000 12.00
64 0 4 100 90000 12.00
65 1 4 100 100000 12.00
66 2 4 100 90000 12.00
67 3 4 100 80000 12.00
68 4 4 100 110000 12.00
69 5 4 100 90000 12.00
70 6 4 100 120000 12.00
71 7 4 100 120000 12.00
72 8 4 100 110000 12.00
73 9 4 100 100000 12.00
74 10 4 100 80000 12.00
75 11 4 100 100000 12.00
76 12 4 100 90000 12.00
77 13 4 100 80000 12.00
78 14 4 100 100000 12.00
79 15 4 100 80000 12.00
80 16 4 100 80000 12.00
81 17 4 100 120000 12.00
82 18 4 100 100000 12.00
83 19 4 100 110000 12.00
84 20 4 100 120000 12.00
85 21 4 100 80000 12.00
86 22 4 100 110000 12.00
87 23 4 100 80000 12.00
88 24 4 100 90000 12.00
89 25 4 100 120000 12.00
90 26 4 100 80000 12.00
91 27 4 100 120000 12.00
92 28 4 100 90000 12.00
93 29 4 100 90000 12.00
94 30 4 100 100000 12.00
95 31 4 100 110000 12.00
32 96 4 100 80000 12.10
33 97 4 100 100000 12.10
34 98 4 100 90000 12.10
35 99 4 100 90000 12.10
36 100 4 100 90000 12.10
37 101 4 100 100000 12.10
38 102 4 100 80000 12.10
39 103 4 100 110000 12.10
40 104 4 100 120000 12.10
41 105 4 100 100000 12.10
42 106 4 100 100000 12.10
43 107 4 100 110000 12.10
44 108 4 100 100000 12.10
45 109 4 100 80000 12.10
46 110 4 100 110000 12.10
47 111 4 100 100000 12.10
48 112 4 100 120000 12.10
49 113 4 100 110000 12.10
50 114 4 100 80000 12.10
51 115 4 100 110000 12.10
52 116 4 100 100000 12.10
53 117 4 100 80000 12.10
54 118 4 100 110000 12.10
55 119 4 100 110000 12.10
56 120 4 100 100000 12.10
57 121 4 100 120000 12.10
58 122 4 100 90000 12.10
59 123 4 100 80000 12.10
60 124 4 100 90000 12.10
61 125 4 100 80000 12.10
62 126 4 100 90000 12.10
63 127 4 100 110000 12.10
64 0 4 100 110000 12.10
65 1 4 100 110000 12.10
66 2 4 100 120000 12.10
67 3 4 100 120000 12.10
68 4 4 100 100000 12.10
69 5 4 100 90000 12.10
70 6 4 100 110000 12.10
71 7 4 100 100000 12.10
72 8 4 100 120000 12.10
73 9 4 100 120000 12.10
74 10 4 100 110000 12.10
75 11 4 100 100000 12.10
76 12 4 100 100000 12.10
77 13 4 100 90000 12.10
78 14 4 100 90000 12.10
79 15 4 100 100000 12.10
80 16 4 100 80000 12.10
81 17 4 100 110000 12.10
82 18 4 100 80000 12.10
83 19 4 100 90000 12.10
84 20 4 100 80000 12.10
85 21 4 100 90000 12.10
86 22 4 100 110000 12.10
87 23 4 100 100000 12.10
88 24 4 100 80000 12.10
89 25 4 100 80000 12.10
90 26 4 100 90000 12.10
91 27 4 100 120000 12.10
92 28 4 100 100000 12.10
93 29 4 100 110000 12.10
94 30 4 100 90000 12.10
95 31 4 100 100000 12.10
32 96 4 100 80000 12.20
33 97 4 100 90000 12.20
34 98 4 100 110000 12.20
35 99 4 100 80000 12.20
36 100 4 100 120000 12.20
37 101 4 100 120000 12.20
38 102 4 100 100000 12.20
39 103 4 100 90000 12.20
40 104 4 100 110000 12.20
41 105 4 100 90000 12.20
42 106 4 100 120000 12.20
43 107 4 100 110000 12.20
44 108 4 100 100000 12.20
45 109 4 100 80000 12.20
46 110 4 100 100000 12.20
47 111 4 100 110000 12.20
48 112 4 100 80000 12.20
49 113 4 100 100000 12.20
50 114 4 100 90000 12.20
51 115 4 100 110000 12.20
52 116 4 100 80000 12.20
53 117 4 100 120000 12.20
54 118 4 100 100000 12.20
55 119 4 100 120000 12.20
56 120 4 100 120000 12.20
57 121 4 100 90000 12.20
58 122 4 100 90000 12.20
59 123 4 100 120000 12.20
60 124 4 100 90000 12.20
61 125 4 100 80000 12.20
62 126 4 100 120000 12.20
63 127 4 100 90000 12.20
64 0 4 100 110000 12.20
65 1 4 100 80000 12.20
66 2 4 100 110000 12.20
67 3 4 100 80000 12.20
68 4 4 100 120000 12.20
69 5 4 100 100000 12.20
70 6 4 100 120000 12.20
71 7 4 100 80000 12.20
72 8 4 100 80000 12.20
73 9 4 100 110000 12.20
74 10 4 100 80000 12.20
75 11 4 100 80000 12.20
76 12 4 100 110000 12.20
77 13 4 100 110000 12.20
78 14 4 100 90000 12.20
79 15 4 100 110000 12.20
80 16 4 100 80000 12.20
81 17 4 100 80000 12.20
82 18 4 100 100000 12.20
83 19 4 100 120000 12.20
84 20 4 100 80000 12.20
85 21 4 100 100000 12.20
86 22 4 100 100000 12.20
87 23 4 100 80000 12.20
88 24 4 100 110000 12.20
89 25 4 100 80000 12.20
90 26 4 100 120000 12.20
91 27 4 100 80000 12.20
92 28 4 100 120000 12.20
93 29 4 100 90000 12.20
94 30 4 100 120000 12.20
95 31 4 100 80000 12.20
32 96 4 100 100000 12.30
33 97 4 100 80000 12.30
34 98 4 100 100000 12.30
35 99 4 100 110000 12.30
36 100 4 100 110000 12.30
37 101 4 100 90000 12.30
38 102 4 100 110000 12.30
39 103 4 100 90000 12.30
40 104 4 100 120000 12.30
41 105 4 100 90000 12.30
42 106 4 100 90000 12.30
43 107 4 100 120000 12.30
44 108 4 100 120000 12.30
45 109 4 100 80000 12.30
46 110 4 100 90000 12.30
47 111 4 100 100000 12.30
48 112 4 100 100000 12.30
49 113 4 100 80000 12.30
50 114 4 100 80000 12.30
51 115 4 100 120000 12.30
52 116 4 100 110000 12.30
53 117 4 100 90000 12.30
54 118 4 100 120000 12.30
55 119 4 100 80000 12.30
56 120 4 100 80000 12.30
57 121 4 100 100000 12.30
58 122 4 100 80000 12.30
59 123 4 100 90000 12.30
60 124 4 100 90000 12.30
61 125 4 100 110000 12.30
62 126 4 100 80000 12.30
63 127 4 100 90000 12.30
64 0 4 100 90000 12.30
65 1 4 100 80000 12.30
66 2 4 100 80000 12.30
67 3 4 100 110000 12.30
68 4 4 100 90000 12.30
69 5 4 100 120000 12.30
70 6 4 100 90000 12.30
71 7 4 100 90000 12.30
72 8 4 100 110000 12.30
73 9 4 100 90000 12.30
74 10 4 100 110000 12.30
75 11 4 100 90000 12.30
76 12 4 100 100000 12.30
77 13 4 100 100000 12.30
78 14 4 100 100000 12.30
79 15 4 100 120000 12.30
80 16 4 100 100000 12.30
81 17 4 100 80000 12.30
82 18 4 100 90000 12.30
83 19 4 100 80000 12.30
84 20 4 100 90000 12.30
85 21 4 100 80000 12.30
86 22 4 100 80000 12.30
87 23 4 100 120000 12.30
88 24 4 100 100000 12.30
89 25 4 100 80000 12.30
90 26 4 100 120000 12.30
91 27 4 100 90000 12.30
92 28 4 100 100000 12.30
93 29 4 100 100000 12.30
94 30 4 100 100000 12.30
95 31 4 100 80000 12.30
32 96 4 100 120000 12.40
33 97 4 100 100000 12.40
34 98 4 100 110000 12.40
35 99 4 100 110000 12.40
36 100 4 100 80000 12.40
37 101 4 100 90000 12.40
38 102 4 100 100000 12.40
39 103 4 100 80000 12.40
40 104 4 100 110000 12.40
41 105 4 100 90000 12.40
42 106 4 100 110000 12.40
43 107 4 100 110000 12.40
44 108 4 100 120000 12.40
45 109 4 100 100000 12.40
46 110 4 100 110000 12.40
47 111 4 100 110000 12.40
48 112 4 100 120000 12.40
49 113 4 100 100000 12.40
50 114 4 100 120000 12.40
51 115 4 100 110000 12.40
52 116 4 100 90000 12.40
53 117 4 100 120000 12.40
54 118 4 100 90000 12.40
55 119 4 100 80000 12.40
56 120 4 100 80000 12.40
57 121 4 100 100000 12.40
58 122 4 100 120000 12.40
59 123 4 100 100000 12.40
60 124 4 100 90000 12.40
61 125 4 100 90000 12.40
62 126 4 100 80000 12.40
63 127 4 100 90000 12.40
64 0 4 100 90000 12.40
65 1 4 100 100000 12.40
66 2 4 100 120000 12.40
67 3 4 100 100000 12.40
68 4 4 100 80000 12.40
69 5 4 100 90000 12.40
70 6 4 100 110000 12.40
71 7 4 100 90000 12.40
72 8 4 100 100000 12.40
73 9 4 100 100000 12.40
74 10 4 100 80000 12.40
75 11 4 100 120000 12.40
76 12 4 100 100000 12.40
77 13 4 100 110000 12.40
78 14 4 100 90000 12.40
79 15 4 100 120000 12.40
80 16 4 100 80000 12.40
81 17 4 100 100000 12.40
82 18 4 100 100000 12.40
83 19 4 100 80000 12.40
84 20 4 100 120000 12.40
85 21 4 100 80000 12.40
86 22 4 100 90000 12.40
87 23 4 100 80000 12.40
88 24 4 100 110000 12.40
89 25 4 100 80000 12.40
90 26 4 100 110000 12.40
91 27 4 100 110000 12.40
92 28 4 100 90000 12.40
93 29 4 100 80000 12.40
94 30 4 100 80000 12.40
95 31 4 100 80000 12.40
32 96 4 100 100000 12.50
33 97 4 100 120000 12.50
34 98 4 100 80000 12.50
35 99 4 100 120000 12.50
36 100 4 100 110000 12.50
37 101 4 100 110000 12.50
38 102 4 100 100000 12.50
39 103 4 100 100000 12.50
40 104 4 100 90000 12.50
41 105 4 100 90000 12.50
42 106 4 100 90000 12.50
43 107 4 100 80000 12.50
44 108 4 100 120000 12.50
45 109 4 100 100000 12.50
46 110 4 100 110000 12.50
47 111 4 100 90000 12.50
48 112 4 100 100000 12.50
49 113 4 100 90000 12.50
50 114 4 100 110000 12.50
51 115 4 100 120000 12.50
52 116 4 100 80000 12.50
53 117 4 100 120000 12.50
54 118 4 100 120000 12.50
55 119 4 100 110000 12.50
56 120 4 100 120000 12.50
57 121 4 100 80000 12.50
58 122 4 100 90000 12.50
59 123 4 100 100000 12.50
60 124 4 100 100000 12.50
61 125 4 100 110000 12.50
62 126 4 100 80000 12.50
63 127 4 100 120000 12.50
64 0 4 100 120000 12.50
65 1 4 100 80000 12.50
66 2 4 100 100000 12.50
67 3 4 100 80000 12.50
68 4 4 100 90000 12.50
69 5 4 100 90000 12.50
70 6 4 100 80000 12.50
71 7 4 100 100000 12.50
72 8 4 100 100000 12.50
73 9 4 100 100000 12.50
74 10 4 100 110000 12.50
75 11 4 100 100000 12.50
76 12 4 100 90000 12.50
77 13 4 100 120000 12.50
78 14 4 100 80000 12.50
79 15 4 100 100000 12.50
80 16 4 100 80000 12.50
81 17 4 100 110000 12.50
82 18 4 100 100000 12.50
83 19 4 100 80000 12.50
84 20 4 100 80000 12.50
85 21 4 100 80000 12.50
86 22 4 100 90000 12.50
87 23 4 100 90000 12.50
88 24 4 100 120000 12.50
89 25 4 100 80000 12.50
90 26 4 100 100000 12.50
91 27 4 100 110000 12.50
92 28 4 100 110000 12.50
93 29 4 100 120000 12.50
94 30 4 100 110000 12.50
95 31 4 100 90000 12.50
32 96 4 100 80000 12.60
33 97 4 100 120000 12.60
34 98 4 100 100000 12.60
35 99 4 100 120000 12.60
36 100 4 100 110000 12.60
37 101 4 100 120000 12.60
38 102 4 100 100000 12.60
39 103 4 100 80000 12.60
40 104 4 100 120000 12.60
41 105 4 100 90000 12.60
42 106 4 100 80000 12.60
43 107 4 100 100000 12.60
44 108 4 100 80000 12.60
45 109 4 100 110000 12.60
46 110 4 100 100000 12.60
47 111 4 100 120000 12.60
48 112 4 100 110000 12.60
49 113 4 100 90000 12.60
50 114 4 100 120000 12.60
51 115 4 100 100000 12.60
52 116 4 100 120000 12.60
53 117 4 100 110000 12.60
54 118 4 100 110000 12.60
55 119 4 100 120000 12.60
56 120 4 100 90000 12.60
57 121 4 100 100000 12.60
58 122 4 100 110000 12.60
59 123 4 100 100000 12.60
60 124 4 100 110000 12.60
61 125 4 100 100000 12.60
62 126 4 100 90000 12.60
63 127 4 100 120000 12.60
64 0 4 100 100000 12.60
65 1 4 100 110000 12.60
66 2 4 100 100000 12.60
67 3 4 100 120000 12.60
68 4 4 100 110000 12.60
69 5 4 100 120000 12.60
70 6 4 100 120000 12.60
71 7 4 100 80000 12.60
72 8 4 100 80000 12.60
73 9 4 100 80000 12.60
74 10 4 100 100000 12.60
75 11 4 100 110000 12.60
76 12 4 100 120000 12.60
77 13 4 100 90000 12.60
78 14 4 100 110000 12.60
79 15 4 100 100000 12.60
80 16 4 100 90000 12.60
81 17 4 100 120000 12.60
82 18 4 100 100000 12.60
83 19 4 100 80000 12.60
84 20 4 100 100000 12.60
85 21 4 100 110000 12.60
86 22 4 100 120000 12.60
87 23 4 100 90000 12.60
88 24 4 100 120000 12.60
89 25 4 100 100000 12.60
90 26 4 100 120000 12.60
91 27 4 100 110000 12.60
92 28 4 100 90000 12.60
93 29 4 100 90000 12.60
94 30 4 100 110000 12.60
95 31 4 100 80000 12.60
32 96 4 100 120000 12.70
33 97 4 100 120000 12.70
34 98 4 100 110000 12.70
35 99 4 100 120000 12.70
36 100 4 100 110000 12.70
37 101 4 100 120000 12.70
38 102 4 100 80000 12.70
39 103 4 100 90000 12.70
40 104 4 100 90000 12.70
41 105 4 100 80000 12.70
42 106 4 100 120000 12.70
43 107 4 100 90000 12.70
44 108 4 100 80000 12.70
45 109 4 100 90000 12.70
46 110 4 100 110000 12.70
47 111 4 100 110000 12.70
48 112 4 100 120000 12.70
49 113 4 100 90000 12.70
50 114 4 100 110000 12.70
51 115 4 100 90000 12.70
52 116 4 100 90000 12.70
53 117 4 100 80000 12.70
54 118 4 100 90000 12.70
55 119 4 100 120000 12.70
56 120 4 100 110000 12.70
57 121 4 100 80000 12.70
58 122 4 100 80000 12.70
59 123 4 100 110000 12.70
60 124 4 100 120000 12.70
61 125 4 100 110000 12.70
62 126 4 100 110000 12.70
63 127 4 100 110000 12.70
64 0 4 100 90000 12.70
65 1 4 100 80000 12.70
66 2 4 100 90000 12.70
67 3 4 100 100000 12.70
68 4 4 100 80000 12.70
69 5 4 100 110000 12.70
70 6 4 100 90000 12.70
71 7 4 100 120000 12.70
72 8 4 100 90000 12.70
73 9 4 100 110000 12.70
74 10 4 100 90000 12.70
75 11 4 100 120000 12.70
76 12 4 100 110000 12.70
77 13 4 100 110000 12.70
78 14 4 100 80000 12.70
79 15 4 100 110000 12.70
80 16 4 100 80000 12.70
81 17 4 100 80000 12.70
82 18 4 100 120000 12.70
83 19 4 100 100000 12.70
84 20 4 100 90000 12.70
85 21 4 100 110000 12.70
86 22 4 100 110000 12.70
87 23 4 100 90000 12.70
88 24 4 100 80000 12.70
89 25 4 100 90000 12.70
90 26 4 100 90000 12.70
91 27 4 100 100000 12.70
92 28 4 100 110000 12.70
93 29 4 100 90000 12.70
94 30 4 100 120000 12.70
95 31 4 100 110000 12.70
32 96 4 100 110000 12.80
33 97 4 100 80000 12.80
34 98 4 100 90000 12.80
35 99 4 100 80000 12.80
36 100 4 100 90000 12.80
37 101 4 100 110000 12.80
38 102 4 100 100000 12.80
39 103 4 100 80000 12.80
40 104 4 100 90000 12.80
41 105 4 100 110000 12.80
42 106 4 100 110000 12.80
43 107 4 100 110000 12.80
44 108 4 100 90000 12.80
45 109 4 100 110000 12.80
46 110 4 100 80000 12.80
47 111 4 100 100000 12.80
48 112 4 100 120000 12.80
49 113 4 100 90000 12.80
50 114 4 100 110000 12.80
51 115 4 100 80000 12.80
52 116 4 100 120000 12.80
53 117 4 100 120000 12.80
54 118 4 100 110000 12.80
55 119 4 100 80000 12.80
56 120 4 100 90000 12.80
57 121 4 100 90000 12.80
58 122 4 100 110000 12.80
59 123 4 100 80000 12.80
60 124 4 100 80000 12.80
61 125 4 100 110000 12.80
62 126 4 100 90000 12.80
63 127 4 100 110000 12.80
64 0 4 100 80000 12.80
65 1 4 100 100000 12.80
66 2 4 100 80000 12.80
67 3 4 100 110000 12.80
68 4 4 100 90000 12.80
69 5 4 100 110000 12.80
70 6 4 100 100000 12.80
71 7 4 100 110000 12.80
72 8 4 100 120000 12.80
73 9 4 100 120000 12.80
74 10 4 100 110000 12.80
75 11 4 100 80000 12.80
76 12 4 100 100000 12.80
77 13 4 100 90000 12.80
78 14 4 100 100000 12.80
79 15 4 100 100000 12.80
80 16 4 100 100000 12.80
81 17 4 100 90000 12.80
82 18 4 100 90000 12.80
83 19 4 100 80000 12.80
84 20 4 100 90000 12.80
85 21 4 100 100000 12.80
86 22 4 100 110000 12.80
87 23 4 100 80000 12.80
88 24 4 100 110000 12.80
89 25 4 100 120000 12.80
90 26 4 100 120000 12.80
91 27 4 100 80000 12.80
92 28 4 100 100000 12.80
93 29 4 100 80000 12.80
94 30 4 100 100000 12.80
95 31 4 100 90000 12.80
32 96 4 100 90000 12.90
33 97 4 100 120000 12.90
34 98 4 100 110000 12.90
35 99 4 100 120000 12.90
36 100 4 100 90000 12.90
37 101 4 100 100000 12.90
38 102 4 100 120000 12.90
39 103 4 100 100000 12.90
40 104 4 100 80000 12.90
41 105 4 100 110000 12.90
42 106 4 100 100000 12.90
43 107 4 100 80000 12.90
44 108 4 100 100000 12.90
45 109 4 100 100000 12.90
46 110 4 100 80000 12.90
47 111 4 100 80000 12.90
48 112 4 100 120000 12.90
49 113 4 100 100000 12.90
50 114 4 100 120000 12.90
51 115 4 100 90000 12.90
52 116 4 100 100000 12.90
53 117 4 100 80000 12.90
54 118 4 100 110000 12.90
55 119 4 100 110000 12.90
56 120 4 100 80000 12.90
57 121 4 100 100000 12.90
58 122 4 100 90000 12.90
59 123 4 100 90000 12.90
60 124 4 100 110000 12.90
61 125 4 100 90000 12.90
62 126 4 100 120000 12.90
63 127 4 100 110000 12.90
64 0 4 100 110000 12.90
65 1 4 100 80000 12.90
66 2 4 100 80000 12.90
67 3 4 100 120000 12.90
68 4 4 100 100000 12.90
69 5 4 100 100000 12.90
70 6 4 100 90000 12.90
71 7 4 100 120000 12.90
72 8 4 100 110000 12.90
73 9 4 100 90000 12.90
74 10 4 100 110000 12.90
75 11 4 100 90000 12.90
76 12 4 100 100000 12.90
77 13 4 100 110000 12.90
78 14 4 100 100000 12.90
79 15 4 100 110000 12.90
80 16 4 100 90000 12.90
81 17 4 100 120000 12.90
82 18 4 100 120000 12.90
83 19 4 100 120000 12.90
84 20 4 100 90000 12.90
85 21 4 100 120000 12.90
86 22 4 100 80000 12.90
87 23 4 100 80000 12.90
88 24 4 100 110000 12.90
89 25 4 100 100000 12.90
90 26 4 100 100000 12.90
91 27 4 100 80000 12.90
92 28 4 100 90000 12.90
93 29 4 100 110000 12.90
94 30 4 100 110000 12.90
95 31 4 100 110000 12.90
32 96 4 100 120000 13.00
33 97 4 100 80000 13.00
34 98 4 100 110000 13.00
35 99 4 100 90000 13.00
36 100 4 100 80000 13.00
37 101 4 100 100000 13.00
38 102 4 100 110000 13.00
39 103 4 100 80000 13.00
40 104 4 100 120000 13.00
41 105 4 100 110000 13.00
42 106 4 100 80000 13.00
43 107 4 100 100000 13.00
44 108 4 100 80000 13.00
45 109 4 100 110000 13.00
46 110 4 100 90000 13.00
47 111 4 100 80000 13.00
48 112 4 100 120000 13.00
49 113 4 100 100000 13.00
50 114 4 100 120000 13.00
51 115 4 100 90000 13.00
52 116 4 100 100000 13.00
53 117 4 100 90000 13.00
54 118 4 100 100000 13.00
55 119 4 100 80000 13.00
56 120 4 100 80000 13.00
57 121 4 100 90000 13.00
58 122 4 100 90000 13.00
59 123 4 100 80000 13.00
60 124 4 100 80000 13.00
61 125 4 100 120000 13.00
62 126 4 100 120000 13.00
63 127 4 100 90000 13.00
64 0 4 100 110000 13.00
65 1 4 100 110000 13.00
66 2 4 100 80000 13.00
67 3 4 100 90000 13.00
68 4 4 100 120000 13.00
69 5 4 100 80000 13.00
70 6 4 100 100000 13.00
71 7 4 100 100000 13.00
72 8 4 100 80000 13.00
73 9 4 100 100000 13.00
74 10 4 100 80000 13.00
75 11 4 100 120000 13.00
76 12 4 100 100000 13.00
77 13 4 100 100000 13.00
78 14 4 100 100000 13.00
79 15 4 100 80000 13.00
80 16 4 100 80000 13.00
81 17 4 100 100000 13.00
82 18 4 100 120000 13.00
83 19 4 100 80000 13.00
84 20 4 100 120000 13.00
85 21 4 100 80000 13.00
86 22 4 100 120000 13.00
87 23 4 100 110000 13.00
88 24 4 100 90000 13.00
89 25 4 100 100000 13.00
90 26 4 100 100000 13.00
91 27 4 100 110000 13.00
92 28 4 100 100000 13.00
93 29 4 100 110000 13.00
94 30 4 100 100000 13.00
95 31 4 100 100000 13.00
